{"max": [0.066, 0.267, 0.1], "centroid": [0.03300000064748202, 0.15026079136690595, 0.049651079748201474], "id": "9c8d90ef60e0b37fd317c475f024f3b8", "numVertices": 556, "min": [0.0, 0.0, 0.0]}
