{"max": [0.0571689, 0.175764, 0.0571689], "centroid": [-6.570922257487906e-20, 0.11982325727272762, 2.234113567545888e-18], "id": "488139f06d9905d830ffab76baff35a5", "numVertices": 264, "min": [-0.0571689, 0.0, -0.0571689]}
