{"max": [0.515065, 0.257215, -0.851798], "centroid": [0.43463059454545444, 0.07053459418181825, -0.9129233572727257], "id": "547fa0085800c5c3846564a8a219239b", "numVertices": 1100, "min": [0.346145, 0.0, -0.964685]}
