{"max": [0.0907759, 0.292168, 0.0], "centroid": [0.04538796793367345, 0.19640425091836633, -0.04538796790816325], "id": "f4851a2835228377e101b7546e3ee8a7", "numVertices": 1568, "min": [0.0, 0.0, -0.0907759]}
