{"max": [-0.0439212, 0.301615, 0.134254], "centroid": [-0.12080071275303653, 0.19931811943319863, 0.06509132189514169], "id": "b1e5b106e6e25c44a4530e3038c81e85", "numVertices": 494, "min": [-0.193159, 0.0, -0.0149837]}
