{"max": [69.7843, 223.53, 65.7755], "centroid": [37.16375493464049, 130.8380073674989, 33.48914197682709], "id": "8b7933b0376cea4a1efe98244cb8c300", "numVertices": 3366, "min": [4.54297, 0.0, 0.53411]}
