{"max": [7.95917, 3.32105, 7.76037], "centroid": [6.539090405405385, 0.4964395834834822, 6.4216268993994206], "id": "776502db6e2e680e5e4f0d37557f3953", "numVertices": 3996, "min": [5.16932, 0.0, 4.97052]}
