{"max": [2.97533, 17.8255, 6.00101], "centroid": [0.593248296672531, 10.622322240762491, 3.656190420332351], "id": "1d4093ad2dfad9df24be2e4f911ee4af", "numVertices": 1023, "min": [-1.81257, -0.6477, 1.21311]}
