{"max": [0.945476, 0.3465, -0.295346], "centroid": [0.9102760429042895, 0.23367049504950613, -0.32969309075907727], "id": "8be0066e544e11da664b3b9b23ddfcbc", "numVertices": 1212, "min": [0.875076, 0.0, -0.365746]}
