{"max": [0.469834, 0.24, -0.288773], "centroid": [0.41983414583333345, 0.1875, -0.3387726840277774], "id": "d829ffd1d35f36a61ad51dad4e9c1543", "numVertices": 288, "min": [0.369834, 0.0, -0.388773]}
