{"max": [0.545996, 4.78139, 0.593701], "centroid": [-0.024208720163487716, 3.242998560762942, 0.023626262663487697], "id": "29cad22b0fc6c9985f16c469ffeb982e", "numVertices": 1468, "min": [-0.594455, 0.0, -0.54675]}
