{"max": [-2.94604, 2.53715, -0.504441], "centroid": [-3.539404027777779, 1.564766666666666, -1.125788763888889], "id": "20c5dff3b09282035b76194468418a0e", "numVertices": 72, "min": [-4.12603, 0.0, -1.68442]}
