{"max": [0.0, 15.8468, 0.0], "centroid": [-2.3259886613816554, 7.116309739524342, -2.3268506500566266], "id": "26a8d94392d86aa0940806ade53ef2f", "numVertices": 883, "min": [-4.73, 0.0, -4.73]}
