{"max": [0.0423824, 0.12065, 0.0423824], "centroid": [0.002274472470877198, 0.022987771709473345, 0.003699758304350881], "id": "fdc47f5f8dff184830eaaf40a8a562c1", "numVertices": 2850, "min": [-0.0423824, 0.0, -0.0423824]}
