{"max": [0.593024, 0.461682, -0.0345598], "centroid": [0.5379007881773404, 0.28352055788177366, -0.0823148866995074], "id": "a87fc2164d5bb73b9a6e43b878d5b335", "numVertices": 203, "min": [0.481937, 0.00779389, -0.145646]}
