{"max": [0.0, 0.206148, 0.06], "centroid": [-0.030000001567401978, 0.10461358394117734, 0.030000001567401964], "id": "44e45054f9ef4e251881e4573fc7a947", "numVertices": 816, "min": [-0.06, 0.0, 0.0]}
