{"max": [-5.64316, 24.26, -4.89553], "centroid": [-8.573161925675654, 12.270893405405415, -7.8255284572072155], "id": "331601288075868e342fe691e18bb5fd", "numVertices": 888, "min": [-11.5032, 0.0, -10.7555]}
