{"max": [2.16258, 1.371, -0.895695], "centroid": [2.0630529870129823, 1.1846434978355014, -0.9954787198515814], "id": "7565e6eeee63174757354938178674b", "numVertices": 1617, "min": [1.96223, 0.739824, -1.09605]}
