{"max": [-2.74916, 0.191972, 1.19156], "centroid": [-2.7819354229154127, 0.16210430653869176, 1.1586017576484733], "id": "dd686080a4d1cac8e85013a1e4383bdd", "numVertices": 1667, "min": [-2.81465, -0.0015875, 1.12608]}
