{"max": [0.840197, 2.67335, 0.0], "centroid": [0.4200985642446048, 1.8830933318345349, -0.4230611361870511], "id": "b6261066a2e8e4212c528d33bca1ac2", "numVertices": 556, "min": [0.0, 0.0, -0.840197]}
