{"max": [0.0381, 0.2286, 0.0381], "centroid": [-3.9531469387754886e-05, 0.1518782653061225, 0.000366208489795918], "id": "547ace45594ef71fc867fe00083d17f7", "numVertices": 490, "min": [-0.0381, 0.0, -0.0381]}
