{"max": [0.0369323, 0.259753, 0.0351251], "centroid": [0.00035612283292079104, 0.1650217047717877, -0.0012335480519801956], "id": "9f50b2ddbcc2141cfa20324e30e0bf40", "numVertices": 1616, "min": [-0.03622, -1.08033e-07, -0.038028]}
