{"max": [0.0254, 0.14605, 0.0254], "centroid": [-2.743695293636787e-19, 0.08507704081632649, 4.1597960903525474e-19], "id": "f68e99b57596b33d197a35146ee825cd", "numVertices": 98, "min": [-0.0254, 0.0, -0.0254]}
