{"max": [0.100732, 0.3302, 0.100732], "centroid": [-0.009523232190625012, 0.12344878798928578, 0.023230809155133928], "id": "328ba04ff5119c74763cd81c1b401a16", "numVertices": 896, "min": [-0.100732, -0.003175, -0.100732]}
