{"max": [3.51056, 3.34486, 5.80608], "centroid": [2.6161839737991297, 2.6225214847161524, 4.8874220524017415], "id": "39d4723b8ac197d4dcc91b6bf08a2274", "numVertices": 458, "min": [1.67884, 0.0, 3.97437]}
