{"max": [0.55, 3.64867, 0.55], "centroid": [-0.00735594056974456, 3.118645380648315, 0.0020145388015717584], "id": "ee3ca78e36c6a7b2a367d39c852840d5", "numVertices": 2036, "min": [-0.55, 0.0, -0.55]}
