{"max": [0.210243, 0.51, 0.309046], "centroid": [-2.79127138565994e-19, 0.3050085578069144, 0.053681828963051285], "id": "35ad544a3a4b25b122de9a89c84a71b7", "numVertices": 1678, "min": [-0.210243, 0.0, -0.210243]}
