{"max": [0.0, 0.138, 0.0], "centroid": [-0.03250000126415108, 0.06688206113207545, -0.026500004636792588], "id": "9dff3d09b297cdd930612f5c0ef21eb8", "numVertices": 848, "min": [-0.065, 0.0, -0.053]}
