{"max": [0.035, 0.23, 0.0], "centroid": [7.210804924943276e-19, 0.14084172135449585, -0.03500926116468241], "id": "948e374b08979da230612f5c0ef21eb8", "numVertices": 1512, "min": [-0.035, 0.0, -0.07]}
