{"max": [6.88691, 10.3314, -3.04811], "centroid": [5.716230305732477, 4.091730585987276, -3.639507770700638], "id": "d4a8a5243b976630e3eacec6011567b3", "numVertices": 785, "min": [3.09147, 0.0, -7.02]}
