{"max": [0.0927828, 0.781275, 0.0927828], "centroid": [8.302892592592085e-05, 0.511193555555556, -1.164351852646042e-08], "id": "4b5f54fc4e629371cf078dc7b29022e6", "numVertices": 216, "min": [-0.0927828, 0.0, -0.0927828]}
