{"max": [0.0381, 0.2794, 0.0381], "centroid": [2.8912057932946783e-19, 0.17598571428571433, 1.827655090761279e-18], "id": "8707d78855e8cce1ed51290fb4dc2857", "numVertices": 168, "min": [-0.0381, 0.0, -0.0381]}
