{"max": [0.0751724, 0.260311, 0.09134], "centroid": [0.03544571628685903, 0.17285647384615416, 0.05161332435897439], "id": "a86d587f38569fdf394a7890920ef7fd", "numVertices": 624, "min": [-0.00428094, 0.00103881, 0.0118867]}
