{"max": [-1.05416, 0.359297, -2.5], "centroid": [-1.1542092441860465, 0.2810024709302322, -2.600051220930233], "id": "2c5fd15998b6f8b996716aabcb2fff20", "numVertices": 172, "min": [-1.2541, 0.0, -2.69994]}
