{"max": [0.15, 0.45, 0.15], "centroid": [-0.016140566662734366, 0.21534499702601242, 3.431326926792572e-06], "id": "a02a1255256fbe01c9292f26f73f6538", "numVertices": 6612, "min": [-0.173596, 0.0, -0.15]}
