{"max": [0.0, 1.01561, 0.0], "centroid": [-0.14467585885318202, 0.5669970277252658, -0.1444193484562066], "id": "bd5f6815e92e5fd72389a54fb53b0765", "numVertices": 1587, "min": [-0.288839, 0.0, -0.288839]}
