{"max": [-1.04194, 0.22, 0.822353], "centroid": [-1.070939458030406, 0.10202770714606677, 0.7933532663582299], "id": "ac131ac1bbe3dd10846564a8a219239b", "numVertices": 1513, "min": [-1.09994, 0.0, 0.764353]}
