{"max": [1.95118, 3.05911, 0.278558], "centroid": [0.8059791565573768, 1.5853900000000016, -0.8604525836065574], "id": "6d3c20adcce2dd0f79b7b9ca8006b2fe", "numVertices": 122, "min": [-0.315861, -0.1143, -1.98849]}
