{"max": [-2.20002, 5.03392, 5.58048], "centroid": [-2.5519763154069763, 4.699725188953476, 5.308216170058134], "id": "ab51424e92acace2a1c3f37422b63004", "numVertices": 1376, "min": [-2.86024, 3.6069, 4.92026]}
