{"max": [0.0, 0.45085, 0.1016], "centroid": [-0.051034764347826105, 0.36452681159420336, 0.050763186811594224], "id": "bd28b6cd2fdb691b8d8eca78e5e16d9d", "numVertices": 138, "min": [-0.1016, 0.0, 0.0]}
