{"max": [0.00155541, 0.0754062, 0.0109155], "centroid": [-0.01659066415984554, 0.029918336628056527, -0.007405395076447873], "id": "cf7a79435eb5b1bdb0be98650cd7fb6f", "numVertices": 777, "min": [-0.0347186, 0.0, -0.0255745]}
