{"max": [-11.2861, 3.83296, 3.82705], "centroid": [-11.347568503024887, 3.780783157420295, 3.760673156133366], "id": "adace8a468fd575037939c05190e283f", "numVertices": 15538, "min": [-11.4123, 3.55794, 3.70088]}
