{"max": [0.444485, 0.227013, 0.378194], "centroid": [0.3651802897727272, 0.16780822159090916, 0.3039080880681822], "id": "eded10bf44a2571a911cff0cb398f845", "numVertices": 352, "min": [0.292085, 0.0, 0.225794]}
