{"max": [-0.763613, 1.80283, 1.28858], "centroid": [-1.0303123884132477, 0.8234199351369965, 1.0218773530251077], "id": "f35f3a1ce31850e8b9ca8a85614dd727", "numVertices": 3504, "min": [-1.29701, 0.0, 0.755177]}
