{"max": [3.5, 6.95, 3.5], "centroid": [-0.13832916136812526, 5.052832823429466, -0.14243392399604554], "id": "30c6b5511ff09ac33526ea1c3de37e7", "numVertices": 8246, "min": [-3.5, 0.0, -3.5]}
