{"max": [1.59605, 8.2042, 1.59605], "centroid": [7.054542135639015e-17, 6.501606249999994, -6.505213034913027e-19], "id": "618d55a791b8280cf256a8c3e3396495", "numVertices": 192, "min": [-1.59605, 0.0, -1.59605]}
