{"max": [2.91254, 5.16652, 3.59968], "centroid": [1.8803088333333347, 3.126114882352937, 2.567450563725489], "id": "fec05c85454edafc4310636931b68fdb", "numVertices": 408, "min": [0.848075, 0.0, 1.53522]}
