{"max": [0.653651, 2.091, 0.653651], "centroid": [-7.517135062566164e-18, 1.4682009, 2.752427915216534e-16], "id": "6d652a95363bb682b692b490d9871ff1", "numVertices": 240, "min": [-0.653651, 0.0, -0.653651]}
