{"max": [0.587515, 0.590918, -0.030306], "centroid": [0.3012152813596489, 0.25713272177708696, -0.1441500005847953], "id": "ac7e1eed3c4ded7db3010b85c6cbc688", "numVertices": 1368, "min": [0.0146825, -0.016073, -0.258146]}
