{"max": [0.530806, 0.155886, -0.526587], "centroid": [0.46963442920353915, 0.0681486170088496, -0.5869614017699113], "id": "e29e8121d93af93bba803759c05367b0", "numVertices": 1130, "min": [0.412674, 0.0, -0.644394]}
