{"max": [0.0, 0.3, -0.0133], "centroid": [-0.040066778243739505, 0.19540046744574271, -0.053300000834724595], "id": "13d991326c6e8b14fce33f1a52ee07f2", "numVertices": 599, "min": [-0.08, 0.0, -0.0933]}
