{"max": [-0.0393963, 0.444955, 0.0335119], "centroid": [-0.09070058908730162, 0.33108643333333276, -0.01779231307857141], "id": "24feb92770933b1663995fb119e59971", "numVertices": 504, "min": [-0.142005, 0.0123654, -0.0690966]}
