{"max": [0.0551677, 0.321667, 0.072219], "centroid": [0.007752254332885554, 0.13972739033611145, 0.02553755105449594], "id": "f0a5f6d2cf8fcb72c12d8e00a78db6e2", "numVertices": 22332, "min": [-0.0370475, 0.000667253, -0.0199256]}
