{"max": [0.368279, 1.00061, 0.255649], "centroid": [-2.882803738316616e-05, 0.6210316149532754, -3.9928348909658545e-05], "id": "9a70dd116325eb2df6b14e57dce52ee1", "numVertices": 4815, "min": [-0.368279, 0.0, -0.255649]}
