{"max": [0.059598, 0.106338, 0.059598], "centroid": [0.029798911764705893, 0.07423294117647047, 0.029798911764705886], "id": "dc005c019fbfb32c90071898148dca0e", "numVertices": 204, "min": [0.0, 0.0, 0.0]}
