{"max": [0.00468911, 0.212, 0.0525], "centroid": [-0.03031446469967007, 0.10445472147194786, 0.0175593475227722], "id": "9d2d3a8d1dd877c1101343fb67a1d189", "numVertices": 1515, "min": [-0.0653109, 0.0, -0.0175]}
