{"max": [0.0, 4.02636, 0.0], "centroid": [-0.5103723909278339, 2.9310261162886455, -0.5103723909278338], "id": "33f6ca7ec9d3f1e6940806ade53ef2f", "numVertices": 2425, "min": [-1.02075, 0.0, -1.02075]}
