{"max": [-0.221002, 0.495742, 0.06985], "centroid": [-0.2907920989690722, 0.3942980721649499, 0.0003773489628865971], "id": "546111e6869f41aca577e3e5353dd356", "numVertices": 485, "min": [-0.360702, 0.0, -0.06985]}
