{"max": [0.00310826, 0.219747, 0.00310826], "centroid": [-0.035091131091150446, 0.08102296480530981, -0.035000001442477856], "id": "3d295fccf7d4e4dfd317c475f024f3b8", "numVertices": 1130, "min": [-0.0731083, 0.0, -0.0731083]}
