{"max": [0.0610285, 0.0992007, 0.0644808], "centroid": [0.011393545221517089, 0.007631741025640993, 0.014845918672115382], "id": "e37cfb42fe03034842ab55d7ba3461f", "numVertices": 936, "min": [-0.0382414, -0.07249, -0.034789]}
