{"max": [0.343349, 0.89491, 0.6363], "centroid": [0.19433965420726293, 0.4861467897962784, 0.48724799291408416], "id": "dc687759ea93d1b72cd6cd3dc3fb5dc2", "numVertices": 1129, "min": [0.0452597, 0.00458559, 0.338211]}
