{"max": [0.269587, 1.61647, -0.0347359], "centroid": [0.0011601845445398755, 0.9586514386503022, -0.3614165279345591], "id": "cbc1cbc9cf65e9c2fd1d6016d24cc8d", "numVertices": 2445, "min": [-0.269614, 0.0873068, -0.728638]}
