{"max": [0.337551, 0.472952, -0.405327], "centroid": [0.19097214807615212, 0.20887721610821744, -0.5925881194388729], "id": "991d9df5bf2a33a1c9292f26f73f6538", "numVertices": 4990, "min": [0.0350578, -0.0090653, -0.725617]}
