{"max": [1.05322, 1.92936, 1.03079], "centroid": [0.752205300398406, 1.6427647238247003, 0.7426508215139445], "id": "9da48acd8046be50307e049494951dab", "numVertices": 1255, "min": [0.460168, 0.0, 0.437739]}
