{"max": [1.31906, 9.46502, 1.31906], "centroid": [-0.01024021505376344, 6.568479713261667, 0.020869949820788554], "id": "abe3a232d973941d49a3c1009fa79820", "numVertices": 279, "min": [-1.31906, 0.0, -1.31906]}
