{"max": [3.21249, 22.2089, 3.21249], "centroid": [0.0013622946666666748, 18.328005733333274, 1.4062824978585316e-16], "id": "4c5329ae5fc25ff5b7903bac4a497954", "numVertices": 750, "min": [-3.21249, 0.0, -3.21249]}
