{"max": [0.419236, 2.93878, -2.30288], "centroid": [-1.650153128158675e-18, 1.9378661165279396, -2.722494744351962], "id": "bcbc2c637bed89e4d1b69ad96276e132", "numVertices": 841, "min": [-0.419236, 0.149918, -3.14135]}
