{"max": [-131.976, 0.530032, -98.485], "centroid": [-132.11024296874965, 0.28976917500000643, -98.6195134114576], "id": "e593aa021f3fa324530647fc03dd20dc", "numVertices": 3840, "min": [-132.245, 0.0, -98.754]}
