{"max": [0.022319, 0.175, 0.022319], "centroid": [0.000765846153846154, 0.12255502036199102, -0.0004649253393665139], "id": "275b8572dbfabb9d88873c05c27001", "numVertices": 442, "min": [-0.022319, 0.0, -0.022319]}
