{"max": [1.12217, 0.63, -0.539771], "centroid": [1.0220005175510218, 0.3851696612579389, -0.6400114220408164], "id": "b2498accc1c3fe732db3066d0100ee4", "numVertices": 1225, "min": [0.921816, -0.000176, -0.740124]}
