{"max": [0.0310865, 0.0892, 0.0310865], "centroid": [-0.0010518997804155863, 0.034345635424924505, -0.0013904484312043718], "id": "e90e0506fd00fe93f42d6bd378df1c70", "numVertices": 19587, "min": [-0.0310865, 0.0, -0.0310865]}
