{"max": [0.35602, 1.14379, 0.35602], "centroid": [-0.0002087936377078869, 0.39864299405042164, -0.0009181484658040913], "id": "2722bec1947151b86e22e2d2f64c8cef", "numVertices": 2705, "min": [-0.35602, -0.00635, -0.35602]}
