{"max": [0.0, 7.9948, 3.3909], "centroid": [-1.6954499861111119, 5.063469444444452, 1.6954499861111119], "id": "fda8d8820e4d166bd7134844380eaeb0", "numVertices": 144, "min": [-3.3909, 0.0, 0.0]}
