{"max": [0.0, 1.47137, 0.289264], "centroid": [-0.14242669831431087, 1.2830032589991247, 0.141764720790167], "id": "e119bf2041459392601bea3dca268229", "numVertices": 1139, "min": [-0.289264, 0.0, 0.0]}
