{"max": [0.0880056, 0.3149, 0.0880056], "centroid": [0.04400279088541673, 0.21989265208333314, 0.044002790885416705], "id": "c4b6121d162a3cb216ae07d515c8c56e", "numVertices": 576, "min": [0.0, 0.0, 0.0]}
