{"max": [28.0, 157.5, 28.0], "centroid": [-2.173508939832161e-06, 90.94781677669795, -1.6181229849416065e-07], "id": "a1bc36109cd382b78340c8802f48c170", "numVertices": 2472, "min": [-28.0, 0.0, -28.0]}
