{"max": [0.0857576, 0.202827, 0.0857576], "centroid": [8.673617379884035e-18, 0.1251755363636365, 5.519574696289841e-19], "id": "8458e5a34c67958130f549f12038e49a", "numVertices": 264, "min": [-0.0857576, 0.0, -0.0857576]}
