{"max": [0.988652, 0.360666, 0.0412904], "centroid": [0.9473634487951808, 0.24008839231927662, -0.0008267102896556011], "id": "b38eb308649c8c5de7de92adde5735ef", "numVertices": 1328, "min": [0.906071, 0.083666, -0.0412904]}
