{"max": [0.41, 2.42536, 0.41], "centroid": [-0.00029983079518071105, 1.6072336532215719, -9.193160345730886e-05], "id": "70e58e9f89fd9802a9891f6668163611", "numVertices": 1909, "min": [-0.41, 0.254175, -0.41]}
