{"max": [1.08803, 6.87752, 1.08803], "centroid": [-0.0006999723412698436, 3.591275585218239, -0.0043082632936507995], "id": "5a58f9c3966c1248a7c2417f4b260d59", "numVertices": 1008, "min": [-1.08803, 0.0207407, -1.08803]}
