{"max": [0.045, 0.295, 0.0445517], "centroid": [-0.001499232615237181, 0.15803548190321046, 0.0002976302654528108], "id": "3f6d549265532efa2faef6cbf71ebacc", "numVertices": 2087, "min": [-0.045, 0.0, -0.045]}
