{"max": [10.3777, 15.4569, -12.201], "centroid": [8.939678195020745, 11.179554377593337, -13.735121161825717], "id": "a00a9d045b69171472dfe26068766359", "numVertices": 482, "min": [7.67027, 5.6569, -15.061]}
