{"max": [0.535496, 4.19894, 0.500136], "centroid": [-0.014419423431818214, 2.360035000000002, -0.017172148840909104], "id": "abe557fa1b9d59489c81f0389df0e98a", "numVertices": 264, "min": [-0.520774, -0.136525, -0.556133]}
