{"max": [-0.190499, 0.2686, 0.186463], "centroid": [-0.23249894105409116, 0.09308296379750336, 0.14328226490984716], "id": "32074e5642bad0e12c16495e79df12c1", "numVertices": 1442, "min": [-0.274936, 0.0, 0.102026]}
