{"max": [0.893577, 0.190581, -0.633666], "centroid": [0.851076744924521, 0.13239903492972258, -0.6761662909942738], "id": "bcacdde81063a5df30612f5c0ef21eb8", "numVertices": 1921, "min": [0.808577, 0.0305813, -0.718666]}
