{"max": [1.23193, 7.09168, 1.12485], "centroid": [0.09299386474126778, 4.700819626160439, -0.02277837128072446], "id": "7778c06ab2af1121b4bfcf9b3e6ed915", "numVertices": 1546, "min": [-1.06436, -0.0100104, -1.13587]}
