{"max": [1.79572, 0.246272, -2.09977], "centroid": [1.7055344727488162, 0.13871989206161192, -2.1873628021326956], "id": "42f85b0eb5e9fd508f9c4ecc067067e9", "numVertices": 1688, "min": [1.61807, 0.0118593, -2.27742]}
