{"max": [0.0381, 0.303586, 0.0381], "centroid": [-4.141553335688585e-06, 0.134062406511824, -8.045887752440568e-10], "id": "1349b2169a97a0ff54e1b6f41fdd78a", "numVertices": 2833, "min": [-0.0381, 0.0, -0.0381]}
