{"max": [2.36578, 3.89466, 3.691], "centroid": [1.6352971830708658, 2.743287804330698, 2.974931988188984], "id": "738d7eb5c8800842f8060bac8721179", "numVertices": 1016, "min": [0.903168, -0.0853719, 2.22839]}
