{"max": [0.0698521, 0.4445, 0.0698521], "centroid": [0.0007437826855123666, 0.26151175971731566, 2.8724815547702702e-05], "id": "fd0ccd09330865277602de57eab5e08f", "numVertices": 849, "min": [-0.0698521, 0.0, -0.0698521]}
