{"max": [-7.00855, 10.7326, -1.18206], "centroid": [-8.718999734169667, 5.228716845878081, -2.8823632915173203], "id": "2976131e4621231655bf395569b6fd5", "numVertices": 3348, "min": [-10.4598, -3.19165, -4.63366]}
