{"max": [-0.00174916, 0.173149, -0.0105052], "centroid": [-0.026370565428479684, 0.07973691773938063, -0.03520706570022472], "id": "5277b4491396a522333769b054e66b40", "numVertices": 9347, "min": [-0.0509948, 0.00256462, -0.060128]}
