{"max": [0.0277276, 0.136172, 0.027729], "centroid": [1.1301260405549548e-05, 0.07802364066595469, -5.681323372464316e-07], "id": "8adc0ce79962ac2021072d05c97a5e0a", "numVertices": 1874, "min": [-0.0277304, 0.0, -0.027729]}
