{"max": [0.0382367, 0.201699, 0.0382367], "centroid": [-0.0014439304018195613, 0.15725431972706463, 2.9961789234268346e-05], "id": "7a82a497bc4d10511d385f351a1d14c5", "numVertices": 1319, "min": [-0.0486153, 0.0, -0.0382367]}
