{"max": [-8.25992, 4.3688, 3.18146], "centroid": [-9.026385953338718, 2.215861966918762, 2.394184875301683], "id": "ff13595434879bba557ef92e2fa0ccb2", "numVertices": 2486, "min": [-9.78715, 0.0, 1.59784]}
