{"max": [0.146368, 0.51435, 0.146368], "centroid": [-7.02517911975453e-05, 0.3324498480129662, -2.2786371144697057e-19], "id": "ad33ed7da4ef1b1cca18d703b8006093", "numVertices": 2931, "min": [-0.146368, 0.0, -0.146368]}
