{"max": [-0.603569, 8.07085, 3.95031], "centroid": [-3.078634974999998, 4.413364000000003, 1.6291063124999998], "id": "860c81982a1703d35a7ce4c111af2db", "numVertices": 80, "min": [-5.52832, -2.90043, -0.632857]}
