{"max": [0.15, 0.48, 0.0], "centroid": [0.07495293470149227, 0.3130825608208978, -0.06117416641791048], "id": "77be452b59bebfd3940806ade53ef2f", "numVertices": 2680, "min": [0.0, 0.0, -0.12]}
