{"max": [0.00289355, 0.930929, 0.318962], "centroid": [-0.14879147359884837, 0.7203894923224607, 0.10075850489443289], "id": "2efb9eef0ed832a89769b3a50399d097", "numVertices": 1042, "min": [-0.294704, 0.0, -0.0804942]}
