{"max": [0.341918, 0.845746, 0.292004], "centroid": [0.02156835772801748, 0.311497868042965, 0.009355091880575291], "id": "10dff3c43200a7a7119862dbccbaa609", "numVertices": 5493, "min": [-0.292004, 0.00894721, -0.292004]}
