{"max": [11.5978, 35.8522, 11.5978], "centroid": [-0.010253286885246049, 17.1709341562199, -0.11023844262295111], "id": "1e5abf0465d97d826118a17db9de8c0", "numVertices": 2074, "min": [-11.5978, 0.0, -11.5978]}
