{"max": [0.0508, 0.225197, 0.0], "centroid": [0.02539999689393941, 0.14481200000000027, -0.025399996893939424], "id": "a4a6a464cb1db9286bdbc69440dbff90", "numVertices": 264, "min": [0.0, 0.0, -0.0508]}
