{"max": [0.0, 0.41, 0.0], "centroid": [-0.1299999999999996, 0.21848227642980997, -0.12999999999999964], "id": "25b8ed5b02f07b6cbcfad79fc308fa6d", "numVertices": 1154, "min": [-0.26, 0.0, -0.26]}
