{"max": [1.76908, 6.35302, 0.801934], "centroid": [0.4553638176557861, 5.0942655786349995, -0.47718810578634974], "id": "3f41aaa42a237fa3c785f06f424b9d06", "numVertices": 674, "min": [-0.8503, 0.0, -1.81744]}
