{"max": [0.0, 0.690491, 0.0], "centroid": [-0.1397738195697429, 0.24796360305343632, -0.13977381956974297], "id": "2f4ec01bad6cd5ac488017d48a7f7eb4", "numVertices": 1441, "min": [-0.279548, 0.0, -0.279548]}
