{"max": [-1.54487, 0.27, 0.630435], "centroid": [-1.594872640067909, 0.15328847229202072, 0.5805599032258086], "id": "defc45107217afb846564a8a219239b", "numVertices": 1178, "min": [-1.64487, 0.0, 0.530435]}
