{"max": [0.0801129, 0.307492, 0.00307017], "centroid": [0.04119448692520772, 0.2049727333822711, -0.035848261855955604], "id": "ab6792cddc7c4c83afbf338b16b43f53", "numVertices": 361, "min": [0.00227604, 0.000176911, -0.0747667]}
