{"max": [0.803929, 4.52755, 0.414807], "centroid": [-2.5844813434931524, 0.4193540205479449, -2.8943035821917826], "id": "714320da4aafcb4a47be2353d2b2403b", "numVertices": 292, "min": [-5.99679, -18.332, -6.38591]}
