{"max": [0.044958, 0.0865428, 0.014986], "centroid": [0.019049997010859732, 0.04925941072398186, 0.006574555904072388], "id": "3b26c9021d9e31a7ad8912880b776dcf", "numVertices": 442, "min": [-0.006858, -0.0100806, -0.002286]}
