{"max": [0.0381, 0.2794, 0.0381], "centroid": [-3.221629312528356e-18, 0.1759857142857145, -4.38843736482228e-20], "id": "712b597f47b04755f715d98aead3ae6f", "numVertices": 336, "min": [-0.0381, 0.0, -0.0381]}
