{"max": [0.1, 0.363154, 0.1], "centroid": [0.04999999999999988, 0.15967770592459454, 0.049999999999999864], "id": "225d046d8f798afacba9caf4d254cef0", "numVertices": 2785, "min": [0.0, 0.0, 0.0]}
