{"max": [0.455051, 3.42701, 0.455051], "centroid": [-3.970588235687211e-09, 2.4651572470588223, -1.6200980393935682e-08], "id": "908e85e13c6fbde0a1ca08763d503f0e", "numVertices": 408, "min": [-0.455051, 0.0731412, -0.455051]}
