{"max": [0.00492474, 0.0335154, 0.00494778], "centroid": [3.637787922668675e-05, 0.024078165318066308, 0.00012777647164518592], "id": "c5e425b9b1f4f42b6d7d15cb5e1928e", "numVertices": 1319, "min": [-0.00475568, -0.00017575, -0.00473124]}
