{"max": [0.035, 0.164, 0.0224], "centroid": [-3.5137849321702736e-18, 0.12552320766773176, 0.0], "id": "d1792ebb96fe73ff30612f5c0ef21eb8", "numVertices": 626, "min": [-0.035, 0.0, -0.0224]}
