{"max": [0.053392, 0.260516, 0.063341], "centroid": [0.011414344224574335, 0.12606826737229568, 0.02071305430280713], "id": "61847ebb20b88ce2a62e98cb10d773b0", "numVertices": 2173, "min": [-0.031841, -0.00288, -0.021891]}
