{"max": [1.09946, 0.13455, 1.19234], "centroid": [1.0703055023923436, 0.10794395693779933, 1.1601295215311012], "id": "323705d1a8505cdb498751cf10995c30", "numVertices": 209, "min": [1.03946, 0.0, 1.13234]}
