{"max": [-0.080637, 0.300285, 0.03762], "centroid": [-0.11825674461979913, 0.16413714490674358, 1.9101868978654223e-19], "id": "3108a736282eec1bc58e834f0b160845", "numVertices": 697, "min": [-0.155877, 0.015285, -0.03762]}
