{"max": [-0.30097, 0.590644, 1.03773], "centroid": [-0.4258228093966897, 0.4267051713828127, 0.9128793518419638], "id": "aa616bbf51ae233278d5828fe3be4b43", "numVertices": 1873, "min": [-0.550676, 0.102845, 0.788026]}
