{"max": [0.0, 0.268947, 0.0], "centroid": [-0.033240516679332845, 0.1635081375078754, -0.03299268898540241], "id": "63f60daa8d254f445200bdb78a83bb9b", "numVertices": 11632, "min": [-0.0666053, 0.0, -0.0666053]}
