{"max": [0.0321613, 0.26333, 0.0791529], "centroid": [-0.007700012087948395, 0.22932527671232875, 0.03903741793424663], "id": "ca2341f33cd4995dae7fdc0845a47bf5", "numVertices": 365, "min": [-0.0476602, 0.0, -0.000668548]}
