{"max": [-0.805976, 9.93809, 2.3202], "centroid": [-2.1688158476100323, 6.6853289342166375, 0.9573654271273052], "id": "83620edd3ecbce0de3bf00cc25b4223", "numVertices": 2113, "min": [-3.53076, -0.0889, -0.40459]}
