{"max": [0.011265, 4.96, -0.228858], "centroid": [-0.7131627470856587, 2.2691208062265575, -1.12826965990877], "id": "e56e77c6eb21d9bdf577ff4de1ac394c", "numVertices": 1973, "min": [-1.56874, -0.1, -2.1097]}
