{"max": [0.0, 0.3, 0.04], "centroid": [-0.04000000091126276, 0.17751546158634907, -4.795651930174791e-19], "id": "2eba1ad799a00142938c8d9daf9b36f6", "numVertices": 1465, "min": [-0.08, 0.0, -0.04]}
