{"max": [1.25452, 0.555625, 1.74904], "centroid": [1.214833783333334, 0.43763804, 1.7093491999999992], "id": "13544f09512952bbc9273c10871e1c3d", "numVertices": 600, "min": [1.17515, 0.263525, 1.66966]}
