{"max": [-1.70605, 13.7318, 3.22491], "centroid": [-4.930963138117795, 4.162181381178036, -1.9017361220728816e-17], "id": "5cbf1e8f31bae4cd67d1cb27b1ca00d7", "numVertices": 2954, "min": [-8.15588, -2.60215, -3.22491]}
