{"max": [3.28464, 6.65852, 3.28464], "centroid": [-4.019205014963475e-17, 4.4156714777447945, 1.1530506190468986e-16], "id": "b362273df5596c7e7f095f36ba0999f4", "numVertices": 337, "min": [-3.28464, 0.0, -3.28464]}
