{"max": [0.19685, 1.31865, 2.03983], "centroid": [-0.005290472854640981, 1.010268483362524, 1.844855569176882], "id": "807ef57d3d9d13eeccf25325b962dc82", "numVertices": 571, "min": [-0.19685, 0.595526, 1.64613]}
