{"max": [0.0561317, 0.463411, 0.146829], "centroid": [3.639280019531763e-19, 0.3126159553210442, 0.09068807806738714], "id": "3e7d7a9637e385f2fd1efdcc788bb066", "numVertices": 3146, "min": [-0.0561317, 0.00516475, 0.0345655]}
