{"max": [0.241162, 0.2215, -0.00641486], "centroid": [0.20122227923538238, 0.1213402903148423, -0.046354376622938474], "id": "a118d15a0c74091e3ba6f328e4cd62be", "numVertices": 2668, "min": [0.161283, 0.0, -0.0862939]}
