{"max": [0.639416, 3.05911, 0.662424], "centroid": [-0.0903757072166693, 0.9414504264427289, 0.6005184183608997], "id": "95e6a3a1232f97e3d333084c1357713e", "numVertices": 7919, "min": [-0.639416, 0.0, -0.639416]}
