{"max": [0.0381, 0.127, 0.0381], "centroid": [6.866613759074861e-19, 0.07619999999999995, -8.854317741964952e-19], "id": "dc2c07ff617d1da0197a35146ee825cd", "numVertices": 96, "min": [-0.0381, 0.0, -0.0381]}
