{"max": [-0.00252286, 0.445233, 0.0663713], "centroid": [-0.059678391958525374, 0.28303534101612937, 0.009215785493087547], "id": "621e786d6343d3aa2c96718b14a4add9", "numVertices": 434, "min": [-0.116834, -0.000308839, -0.0479398]}
