{"max": [0.575707, 2.2606, 0.0], "centroid": [0.28785322620098025, 1.5916170588235283, -0.2594733680147057], "id": "204c2b0a5e0a0ac3efd4121045846f28", "numVertices": 408, "min": [0.0, 0.0, -0.518947]}
