{"max": [-2.97542, 0.194534, 1.34546], "centroid": [-3.067398555888981, 0.08748654876219145, 1.2703685183795919], "id": "72a9f3c57e40416f8884a069d9619eaf", "numVertices": 2666, "min": [-3.1398, -0.0493521, 1.19278]}
