{"max": [-0.226742, 0.251, -0.163143], "centroid": [-0.27874416222222154, 0.1267395179527782, -0.21492535722222256], "id": "d74bc917899133e080c257afea181fa2", "numVertices": 3600, "min": [-0.330746, 0.0, -0.267148]}
