{"max": [-1.22425, 0.217686, -1.6823], "centroid": [-1.2652308012820497, 0.15333123076923105, -1.7232788461538444], "id": "f2279b29f7d45bbd744c199e33849f2a", "numVertices": 312, "min": [-1.30621, 0.0, -1.76426]}
