{"max": [1.12098, 3.31432, 1.12098], "centroid": [2.819895541779551e-17, 2.2226844728434507, 1.1173171014598221e-17], "id": "8aeb546f0381df6e97b6ee740552021c", "numVertices": 313, "min": [-1.12098, 0.0, -1.12098]}
