{"max": [0.209023, 1.54839, 0.213973], "centroid": [0.00917407272727271, 0.890947806993003, -0.0037048370629370704], "id": "bfe7d0102dcd0deff43af5716b936459", "numVertices": 1430, "min": [-0.212316, -0.01987, -0.207058]}
