{"max": [0.00644619, 0.0805642, 0.0128924], "centroid": [-0.018939973281596426, 0.062332813082040056, 0.0030844766940133035], "id": "898101350771ff942ae40d06128938a1", "numVertices": 451, "min": [-0.0445462, 0.0, -0.000254]}
