{"max": [2.22705, 5.60705, 2.22026], "centroid": [1.187788675241156, 4.277994532154342, 1.1746980192926062], "id": "40e5d2c6e9e9cbbf5cafd3b1501bc74", "numVertices": 622, "min": [0.156946, 0.0, 0.150159]}
