{"max": [0.0, 0.225425, 0.0611188], "centroid": [-0.030559385905797095, 0.18287151449275343, 0.030559384818840567], "id": "e656d6586d481f41eb69804478f9c547", "numVertices": 552, "min": [-0.0611188, 0.0, 0.0]}
