{"max": [3.06933, 9.65359, 2.85689], "centroid": [-6.828571428578258e-05, 7.833093928571437, 6.855357142853442e-05], "id": "b198ccb35182e73ffd2866d52d2e8042", "numVertices": 112, "min": [-3.06933, 0.0, -2.85689]}
