{"max": [0.0773336, 0.267083, 0.083352], "centroid": [-0.009278246957733388, 0.18741756014862992, 0.02239431398049231], "id": "be102516d65bcf23ff59f7e635b49cca", "numVertices": 2153, "min": [-0.0773336, 0.0, -0.0773336]}
