{"max": [0.0254, 0.218305, 0.04445], "centroid": [1.0362286250303937e-18, 0.14133188495575144, 5.334658477008322e-19], "id": "6b8b2cb01c376064c8724d5673a063a6", "numVertices": 452, "min": [-0.0254, 0.0, -0.04445]}
