{"max": [0.0990035, 0.293014, -0.00018171], "centroid": [0.049613197911356176, 0.18372863059803898, -0.049571985730800405], "id": "73632ddb4a5684503594b3be653e6bff", "numVertices": 2448, "min": [0.000222923, 0.000682163, -0.0989623]}
