{"max": [2.03794, 7.17691, 3.60608], "centroid": [-0.0011704535997810002, 3.840929582534871, 0.6023295985984135], "id": "645cf2b7f442865ebf8d8d6022c8e3a", "numVertices": 3653, "min": [-2.03794, 0.692988, -2.03794]}
