{"max": [1.31193, 4.0911, 1.31193], "centroid": [1.408805732005407e-17, 2.761158181818181, -6.560408781875925e-17], "id": "b71afc7791d18eabc573899ac6ab82e4", "numVertices": 264, "min": [-1.31193, 0.0, -1.31193]}
