{"max": [3.22468, 2.7451, 2.03965], "centroid": [2.65150575215652, 1.00457717323796, 1.4664739856932565], "id": "e017cd91e485756aef026123226f5519", "numVertices": 4753, "min": [2.07833, 0.0271798, 0.893296]}
