{"max": [0.0, 0.489999, 0.27], "centroid": [-0.1349998472735898, 0.2850305781075367, 0.13499942265577208], "id": "365f8a3cf397adf66e71bbd43f7f5d20", "numVertices": 3794, "min": [-0.27, 0.0, 0.0]}
