{"max": [0.069481, 0.287773, 0.0], "centroid": [0.0345209670555937, 0.15993097735072004, -0.03418799656829104], "id": "831918158307c1eef4757ae525403621", "numVertices": 1457, "min": [0.0, 0.0, -0.069387]}
