{"max": [0.114527, 0.3155, -1.88649], "centroid": [0.0327995458997685, 0.1278917333782404, -1.981312650462961], "id": "4a1fe3495565001d211b8bef58aae14f", "numVertices": 864, "min": [-0.0303515, -0.131646, -2.06501]}
