{"max": [0.107319, 0.630956, 0.126748], "centroid": [0.007586002714494539, 0.3949051639191309, 0.027014603748056025], "id": "f0611ec9ff89209bf10c4513652c1c5e", "numVertices": 643, "min": [-0.0921474, 0.00861778, -0.0727187]}
