{"max": [0.003078, 0.265195, -0.026309], "centroid": [-0.02608184029345371, 0.2064211986455991, -0.06387203329571108], "id": "32bb26b4d2cd5ee0b3b14ef623ad866a", "numVertices": 1772, "min": [-0.072289, 0.0, -0.101676]}
