{"max": [0.0, 0.252, 0.121542], "centroid": [-0.061612098208010314, 0.11920454288372069, 0.05311519000516799], "id": "6c56bd467b8e6b7912c4d7e462c15a1a", "numVertices": 774, "min": [-0.119927, 0.0, 0.0]}
