{"max": [2.16882, 0.388081, 3.21946], "centroid": [2.092590504475182, 0.27312443087388294, 3.1432616842961814], "id": "ee77714471b911baeeff0dee910fd183", "numVertices": 1229, "min": [2.01642, 0.0, 3.06706]}
