{"max": [33.9366, 54.6165, -3.8172], "centroid": [22.132422897196232, 32.332534252336586, -18.164086028037417], "id": "9b9a4bb5550f00ea586350d6e78ecc7", "numVertices": 856, "min": [10.4518, 0.0, -32.2042]}
