{"max": [-0.0178151, 0.0758567, 0.00202185], "centroid": [-0.034038796995708165, 0.042099905150214605, -0.015355626515021474], "id": "de71aa5eca9ee76a95f577622f465c85", "numVertices": 233, "min": [-0.0504581, 0.0, -0.031951]}
