{"max": [0.0379819, 0.33, 0.0379819], "centroid": [2.0456207656083342e-19, 0.1061062641652429, 0.0001728099023199038], "id": "d910d855fd179dc066c1a8ee69277898", "numVertices": 2457, "min": [-0.0379819, 0.0, -0.0379819]}
