{"max": [3.2385, 5.64973, 3.2385], "centroid": [4.180469413712009e-17, 3.827126461111105, 2.929755203871941e-17], "id": "64ad00b1757205a3f388b3201b32e1d0", "numVertices": 1296, "min": [-3.2385, 0.0, -3.2385]}
