{"max": [0.230409, 1.31972, 0.54876], "centroid": [-0.0003879368487394871, 0.9394918427213994, -0.01889488188105995], "id": "347f9f4a04cc00841fba588fa05a3c38", "numVertices": 3094, "min": [-0.238665, -0.295474, -0.536245]}
