{"max": [0.026449, 0.353871, -0.072383], "centroid": [-0.022007278688524583, 0.21912050819672163, -0.11613869180327854], "id": "8cf1cc180de4ecd0a826d25a0acb0476", "numVertices": 610, "min": [-0.070644, 0.04423, -0.163415]}
