{"max": [0.0840729, 0.347, -0.223019], "centroid": [0.041218384386617096, 0.2709925947955387, -0.266172282527881], "id": "14adee7ed296842c874073279cad6d18", "numVertices": 269, "min": [-0.00192708, 0.0, -0.309019]}
