{"max": [1.54644, 0.381687, 1.67373], "centroid": [1.489456669208771, 0.2957253937654953, 1.6167879790276487], "id": "7280a6655ec867d67b79156a61ad4c01", "numVertices": 5245, "min": [1.43198, 0.0363162, 1.55927]}
