{"max": [0.717893, 4.93236, 0.73033], "centroid": [-2.192982447487187e-09, 2.5021003206575494, 1.263157897334469e-08], "id": "c3767df815e0e43e4c3a35cee92bb95b", "numVertices": 570, "min": [-0.717893, -1.651e-06, -0.73033]}
