{"max": [4.10314, 38.0096, 3.60249], "centroid": [0.007067747368421038, 26.14493765182188, -0.5632471514493931], "id": "f9f67fe61dcf46d7e19818797f240d91", "numVertices": 247, "min": [-4.10314, 0.0, -4.60379]}
