{"max": [4.90142, 7.20249, -0.191269], "centroid": [2.949454959459459, 4.98504905405405, -2.091073905405405], "id": "3b0e35ff08f09a85f0d11ae402ef940e", "numVertices": 148, "min": [0.996627, 0.0, -4.09607]}
