{"max": [0.505421, 2.41, 0.505421], "centroid": [0.007774821983273636, 1.2767743918757468, 2.1066905615292444e-05], "id": "2ed752a96e55398928beb1ac60ef8914", "numVertices": 837, "min": [-0.505421, 0.0, -0.505421]}
