{"max": [0.044, 0.077, 0.044], "centroid": [0.022000000745613996, 0.03640488744736858, 0.022000000745613982], "id": "6f4749e802e6b5eb30612f5c0ef21eb8", "numVertices": 912, "min": [0.0, 0.0, 0.0]}
