{"max": [-7.00405, 0.165175, -2.28059], "centroid": [-7.037680413533867, 0.09657245112781856, -2.3142206578947544], "id": "b95559b4f2146b6a823177feb9bf5114", "numVertices": 3192, "min": [-7.07131, 0.0, -2.34785]}
