{"max": [30.9521, 108.829, 28.1337], "centroid": [9.704938612440179, 33.885842942425654, 1.6467853875598075], "id": "46910c75d17ef8554c6e2707eea5c15e", "numVertices": 2090, "min": [-22.5234, 0.0, -22.5234]}
