{"max": [0.0368018, 0.2794, 0.0368018], "centroid": [-2.0857984651625894e-18, 0.1759857142857145, 9.29316147844718e-19], "id": "b8fd592b4b5dcaa41aa761bcc4793321", "numVertices": 84, "min": [-0.0368018, 0.0, -0.0368018]}
