{"max": [0.0483542, 0.313302, 0.0486996], "centroid": [0.0015265869991607614, 0.10728341891095937, 0.0018823107462908192], "id": "5979870763de5ced4c8b72e8da0e65c5", "numVertices": 2920, "min": [-0.0452804, 0.0, -0.0449349]}
