{"max": [2.86132, 5.30066, 5.30493], "centroid": [1.584968878086423, 2.6950246666666535, 4.028581728395067], "id": "47ebee26ca51177ac3fdab075b98c5d8", "numVertices": 1296, "min": [0.308619, 0.0, 2.75223]}
