{"max": [12.8165, 32.6408, 8.52546], "centroid": [8.520094068024157, 12.45297926717392, 4.222333994399209], "id": "5c1253ae61a16e306871591246ec74dc", "numVertices": 4469, "min": [4.21518, 0.111326, -0.0758913]}
