{"max": [-0.000502687, 0.262045, -0.0154798], "centroid": [-0.04065809154122357, 0.12909512292553163, -0.05563518521719889], "id": "726a6ce68bcb4b2d14513156cf2b8d0d", "numVertices": 4512, "min": [-0.0808135, 0.0, -0.0957906]}
