{"max": [0.000328388, 0.26, 0.0753284], "centroid": [-0.03993991893760131, 0.145881524355753, 0.03511921129983788], "id": "bf7ecd80f7c419feca972daa503b3095", "numVertices": 1234, "min": [-0.0803284, -0.0006, -0.00532839]}
