{"max": [3.48958, 3.88038, 8.31122], "centroid": [2.7887522214658382, 2.5655680258679836, 7.840634710687515], "id": "1f1e747bfce16fe0589ac2c115a083f1", "numVertices": 4407, "min": [2.04232, 0.0, 6.70039]}
