{"max": [3.65575, 31.4916, 3.51504], "centroid": [0.051984505606523936, 12.78725907033642, 0.009683035677879705], "id": "405ee743f0d8601551238db1f507a8c7", "numVertices": 981, "min": [-3.51504, 0.0, -3.51504]}
