{"max": [0.660428, 0.764314, 0.660428], "centroid": [0.33019052973262, 0.4887408253716291, 0.33021170159254337], "id": "ac79fd7f10f274aba2c59a4d90e63212", "numVertices": 8581, "min": [0.0, 0.0, 0.0]}
