{"max": [0.0701369, 0.268969, 1.49012e-08], "centroid": [0.0350609424291018, 0.12774544562106865, -0.03508851703849354], "id": "d44618b5aefe9ecd467ca2ad6571afff", "numVertices": 11077, "min": [0.0, 0.0, -0.070177]}
