{"max": [4.19505, 9.2305, -3.70072], "centroid": [2.449146304477613, 6.782011552238798, -5.595589373134324], "id": "810e90684c0d4ce5636e3a589cf8c61c", "numVertices": 335, "min": [0.595635, 0.0, -7.30013]}
