{"max": [-1.17175, 0.265, -0.155485], "centroid": [-1.2145565656565658, 0.17719537725151457, -0.19801330606060594], "id": "883ace957dbb32e7846564a8a219239b", "numVertices": 990, "min": [-1.25701, 0.0, -0.24075]}
