{"max": [-0.664265, 2.34961, 0.00897186], "centroid": [-1.0530856939052444, 1.370051050573991, -0.37594246132060105], "id": "dacc6638cd62d82f42ebc0504c999b", "numVertices": 9582, "min": [-1.43449, 0.0, -0.761253]}
