{"max": [11.4121, 21.6015, 4.93834], "centroid": [7.724516461449942, 13.916986311852666, 3.569403567318825], "id": "7bf5bbcff98f3d272561bfd89201eee3", "numVertices": 1738, "min": [4.024, 4.59329, 1.1966]}
