{"max": [0.0469384, 0.34, 0.0469384], "centroid": [9.130123557772668e-20, 0.20213558947368418, 3.6520494231090674e-19], "id": "7980922e83b5461febe67d9b32c3ddf8", "numVertices": 152, "min": [-0.0469384, 0.0, -0.0469384]}
