{"max": [-1.42148, 2.153, 0.72012], "centroid": [-1.7972205321888388, 0.9642002959656631, 0.39181980729613636], "id": "59763dfe99084f0440ba17ccf542984c", "numVertices": 2330, "min": [-2.02029, 0.0211765, 0.121311]}
