{"max": [3.89114, 6.83756, 2.75079], "centroid": [0.47443175975503743, 4.151474064141815, -0.2378581657695401], "id": "c82bbd1b1a929c7ce8ed8cf0a077ddf7", "numVertices": 6205, "min": [-3.33651, 0.0, -2.75079]}
