{"max": [0.399217, 2.45657, 0.399217], "centroid": [0.0004618483256730173, 2.1082489100459476, 0.0013477688772159837], "id": "9ba6291a60113dbfeb6d856318cd1a7e", "numVertices": 1523, "min": [-0.399217, -0.0064, -0.399217]}
