{"max": [1.60313, 2.32195, 0.989929], "centroid": [1.337633687798229, 1.2635923599181778, 0.7240764678482084], "id": "ee74f5bfb0d7c8a5bd288303be3d57e7", "numVertices": 4401, "min": [1.0714, -0.011075, 0.458194]}
