{"max": [-1.99196, 4.48489, -1.04208], "centroid": [-3.5516049452954, 0.6032405689277912, -2.511686535375641], "id": "fa452996a220dd49257c84a0e95a18b0", "numVertices": 1371, "min": [-5.13727, -2.21156, -4.11714]}
