{"max": [0.055, 0.1, 0.055], "centroid": [0.027499995654629582, 0.05259756959999968, 0.02749999850648145], "id": "d8021dc9fc9109b130612f5c0ef21eb8", "numVertices": 1080, "min": [0.0, 0.0, 0.0]}
