{"max": [0.0306102, 0.206375, 0.0306102], "centroid": [1.321188201093071e-08, 0.10199376859202255, 1.3212064811123548e-08], "id": "a1858315e1b17f57e1507433bf0da3de", "numVertices": 9628, "min": [-0.0306102, 6.2484e-06, -0.0306102]}
