{"max": [1.005, 2.7, 1.005], "centroid": [0.5000000164222874, 1.5183946181818342, 0.5000000164222875], "id": "b31ca446cb3e88dda88e473ddd1152a6", "numVertices": 1705, "min": [-0.005, 0.0, -0.005]}
