{"max": [-1.40466, 0.772779, 0.0508], "centroid": [-1.4704968061142338, 0.7048995691874508, 0.023957419629927604], "id": "ea200708a0779090eab2bd7322386ffd", "numVertices": 2486, "min": [-1.53652, 0.572817, 0.0]}
