{"max": [0.639416, 3.05911, 0.662424], "centroid": [-0.08539269518246721, 0.9508533076210782, 0.5650493542335431], "id": "f079d5f4f4a8cd9318431871c8e05789", "numVertices": 8424, "min": [-0.639416, 0.0, -0.639416]}
