{"max": [0.053, 0.225, 0.0], "centroid": [0.026474121769911502, 0.1678185840707966, -0.027244238097345153], "id": "5f369e223697e7d11901008155be15ef", "numVertices": 452, "min": [0.0, 0.0, -0.053]}
