{"max": [0.762315, 7.25652, -1.47084], "centroid": [-3.012068580373944e-18, 4.859080110813909, -2.2331595643867033], "id": "684ff2b770c26616d3dfba73f54d35bb", "numVertices": 2617, "min": [-0.762315, 1.23939, -2.99548]}
