{"max": [1.605, 4.22811, 1.605], "centroid": [-5.665866856937168e-18, 2.6344019683720785, -4.5362794772313406e-18], "id": "c6442bba98ad3dcf5e912b2d2934c0b6", "numVertices": 3096, "min": [-1.605, -0.00252607, -1.605]}
