{"max": [0.0832441, 0.380463, 0.0253227], "centroid": [0.039738208784313736, 0.2501432464705887, -0.018183234743137246], "id": "fa44223c6f785c60e71da2487cb2ee5b", "numVertices": 408, "min": [-0.00376771, -0.00196256, -0.0616892]}
