{"max": [0.0460943, 0.371282, 0.152927], "centroid": [-0.039849257197964366, 0.23869716097852467, 0.07711212299949119], "id": "807f781ec8310baaa2e58dbee8c64797", "numVertices": 1965, "min": [-0.108464, -0.00260548, -0.00128516]}
