{"max": [2.75017, 22.2829, 10.5771], "centroid": [-0.37684982843137305, 11.529793529411858, 7.450057365196099], "id": "e24fb21f7cb7998d94b2f4c4a75fd722", "numVertices": 816, "min": [-3.50387, -0.205105, 4.32304]}
