{"max": [0.0431382, 0.181, 0.0432151], "centroid": [0.0002009923537974684, 0.1319540506329116, -0.00011011372974683522], "id": "44dae93d7b7701e1eb986aac871fa4e5", "numVertices": 316, "min": [-0.0431494, 0.0, -0.0430725]}
