{"max": [-2.36296, 14.5481, 5.12733], "centroid": [-4.78048068736667, 7.663305706091467, 2.711329326854707], "id": "27b9f07da9217c89ef026123226f5519", "numVertices": 4219, "min": [-7.19672, 0.137702, 0.293572]}
