{"max": [0.0508, 0.244475, 0.0508], "centroid": [-1.2597396670783957e-19, 0.1359807276285706, 2.1064499351146943e-19], "id": "7712db835816a52b250241e1ab69b97f", "numVertices": 840, "min": [-0.0508, 0.0, -0.0508]}
