{"max": [2.36288, 2.92064, -0.957646], "centroid": [1.8174467915742702, 1.9265622181818225, -1.5015883015521123], "id": "f49d6c4b75f695c44d34bdc365023cf4", "numVertices": 4510, "min": [1.27394, 0.0, -2.04658]}
