{"max": [3.76455, 3.42227, 1.91964], "centroid": [3.5962014111389164, 2.622325184605755, 1.7514032040050085], "id": "882d477872fd88347df6165146d5bbd", "numVertices": 3196, "min": [3.42785, 2.08907, 1.58294]}
