{"max": [3.2436, 7.84699, 2.22314], "centroid": [2.0806860384615384, 4.205366584461548, 1.058714150963462], "id": "4fcb653e7978812d9c3900c9619d4db4", "numVertices": 1040, "min": [0.915909, 0.0, -0.104557]}
