{"max": [3.68578, 0.482962, -1.86518], "centroid": [3.5714741827710292, 0.07367605175237459, -1.9812668981329964], "id": "63d98b2654d8d2a2f9411c52486c6e63", "numVertices": 3053, "min": [3.46055, -0.351978, -2.09664]}
