{"max": [0.0400382, 0.334938, 0.039], "centroid": [0.005168036747869337, 0.0870818955255689, 0.0028057780616230978], "id": "47ede0c10e36fe309029fc9335eeb05c", "numVertices": 4224, "min": [-0.039, 0.00593784, -0.039]}
