{"max": [0.0415, 0.303581, 0.0415], "centroid": [0.00019523765621798982, 0.18275667388322012, -0.00013951393157139914], "id": "b45d6cadaba5b6a72d20e9f11baa5f8f", "numVertices": 4881, "min": [-0.0415, 0.0, -0.0415]}
