{"max": [2.4357, 5.33469, -1.04264], "centroid": [1.588708230656936, 3.2124557518248187, -1.8896362116788328], "id": "4ec31503deb053636c19a70b7478f722", "numVertices": 1370, "min": [0.741711, 0.8001, -2.73663]}
