{"max": [-0.0868959, 0.197011, 0.0914548], "centroid": [-0.12626301448818897, 0.09894907716535506, 0.044332714370078706], "id": "5ca994bd512be485db3bac7ad77ae88e", "numVertices": 1270, "min": [-0.166212, 0.0, 0.00529517]}
