{"max": [9.69943, 4.2418, -1.59784], "centroid": [8.979677028769856, 2.2559177141666766, -2.3175966567460295], "id": "d851cbc873de1c4d3b6eb309177a6753", "numVertices": 2016, "min": [8.25992, 0.0, -3.03735]}
