{"max": [0.664269, 4.55957, 0.672959], "centroid": [-0.00907839899294568, 2.214855358051725, 0.018890160852242453], "id": "5566f264a6fa08cd2a68e506fbd6eecf", "numVertices": 20271, "min": [-0.668741, -0.018093, -0.663643]}
