{"max": [0.0510122, 0.235223, 0.0510122], "centroid": [-7.525975661375122e-05, 0.11399774111111075, 7.928107738095112e-05], "id": "d5dd0b4d16d2b6808bda158eedb63a62", "numVertices": 1512, "min": [-0.0510122, 0.0, -0.0510122]}
