{"max": [1.13701, 0.272348, -0.501523], "centroid": [1.0578117289220916, 0.2123959487726781, -0.5807227086446095], "id": "cf0a733f9a63f4f5664b3b9b23ddfcbc", "numVertices": 937, "min": [0.978612, 0.0, -0.659923]}
