{"max": [0.117359, 0.293471, -0.0341513], "centroid": [0.06987333682758623, 0.23007518262758758, -0.06825443310344824], "id": "a1275bd03ab15100f6dbe3dc17d6cdf7", "numVertices": 725, "min": [0.0189338, 0.0, -0.100826]}
