{"max": [0.0733239, 0.313123, 0.29865], "centroid": [-0.00017397166604361393, 0.2256231419937689, 0.22503017694704028], "id": "bd50af3416f45348679a03fdc41e0266", "numVertices": 1605, "min": [-0.0733239, 0.0282591, 0.151975]}
