{"max": [-3.12075, 1.78413, 2.37457], "centroid": [-3.379482259436474, 1.057261722894743, 2.11268262360447], "id": "29b6f9c7ae76847e763c517ce709a8cc", "numVertices": 3762, "min": [-3.63783, 0.00472331, 1.85749]}
