{"max": [0.329974, 0.951, 0.0], "centroid": [0.1649871263910257, 0.6293076923076922, -0.16498712639102564], "id": "72d49a11c34a3b6880dd154b5d9c087", "numVertices": 312, "min": [0.0, 0.0, -0.329974]}
