{"max": [0.0762, 0.2286, 0.0762], "centroid": [0.038100008413461534, 0.16622700000000043, 0.038100005288461504], "id": "cbe88d4a56535ba64e23e9314af9ae57", "numVertices": 416, "min": [0.0, 0.0, 0.0]}
