{"max": [11.9298, 19.0526, -5.26108], "centroid": [8.679361673267307, 11.37160374138611, -8.512870752475232], "id": "3861b002979703fbed4f86beca49f32", "numVertices": 1010, "min": [5.43015, 0.0, -11.7608]}
