{"max": [0.04445, 0.3302, 0.04445], "centroid": [2.560371299534591e-19, 0.2596425614378051, 1.531907547193449e-19], "id": "5470f2c11fd647a7c5af224a021be7c5", "numVertices": 4824, "min": [-0.04445, 0.0, -0.04445]}
