{"max": [-0.0235204, 0.601391, 2.21943], "centroid": [-0.12319769541504384, 0.44724207970032986, 2.063645996403969], "id": "f62bfe9756ae99be9921431405933fd2", "numVertices": 3337, "min": [-0.226031, 0.003943, 1.94361]}
