{"max": [4.64432, 8.001, 0.45766], "centroid": [2.0503515059880235, 5.21660383233533, -3.4533844311377258], "id": "41ab1142420916e374bb1e92fd01dc00", "numVertices": 167, "min": [-0.557672, 0.0, -5.98593]}
