{"max": [4.17826, 1.69069, 5.50519], "centroid": [3.4194144796380086, 1.3909096832579195, 5.091971312217198], "id": "c107c8cfe88fa057ce53fd26be6d8b08", "numVertices": 221, "min": [2.99653, 0.0, 4.62957]}
