{"max": [0.022115, 0.122222, 0.012115], "centroid": [1.2610805673435596e-19, 0.056585359253499154, -0.009993779160186692], "id": "518f6867e5d38301fd3bf7a5792372cb", "numVertices": 3215, "min": [-0.022115, 0.0, -0.032115]}
