{"max": [2.30359, -0.421643, -4.72118], "centroid": [2.2971776248477442, -0.44341754445798026, -4.727859415347137], "id": "cf6eff1143f9826ab5c14191b5dd293b", "numVertices": 821, "min": [2.29077, -0.454692, -4.73455]}
