{"max": [0.0, 0.304171, 0.0804863], "centroid": [-0.04024312720588233, 0.23277682352941176, 0.04024312254901956], "id": "c46bfae78beaa4a7988abef1fd117e7", "numVertices": 408, "min": [-0.0804863, 0.0, 0.0]}
