{"max": [1.00796, 1.74793, -2.82388], "centroid": [0.7921693406976736, 1.105300039302324, -3.0396496162790645], "id": "912a49eeda6cd8c5e3c462ac6e0f506f", "numVertices": 860, "min": [0.576384, 0.0052754, -3.25545]}
