{"max": [0.0, 0.25385, 0.0905814], "centroid": [-0.04534805120497813, 0.16293686283089323, 0.04529049664635624], "id": "92472817f72dd619467ca2ad6571afff", "numVertices": 8196, "min": [-0.090637, 0.0, -4.17233e-07]}
