{"max": [1.53961, 0.883058, 1.86282], "centroid": [1.467292172284643, 0.6969098202247195, 1.7912702059925103], "id": "3999ca6a50ae47c876b38b4cbe0c74b7", "numVertices": 534, "min": [1.39669, 0.543699, 1.71919]}
