{"max": [0.0278731, 0.19, 0.0278731], "centroid": [-3.188829919075013e-20, 0.11311519058823528, 1.0650691929710544e-18], "id": "f83c3b75f637241aebe67d9b32c3ddf8", "numVertices": 136, "min": [-0.0278731, 0.0, -0.0278731]}
