{"max": [0.0355775, 2.09878, 2.72312], "centroid": [0.0001427247724409455, 2.048608779527569, 2.6874310236220453], "id": "21239b0cafa13526cafb7c62b057a234", "numVertices": 1016, "min": [-0.0355794, 1.90592, 2.65196]}
