{"max": [-0.611061, 0.162362, -0.917936], "centroid": [-0.626770432539683, 0.1155445666666665, -0.9336542460317465], "id": "688eacb56a16702f9a6e43b878d5b335", "numVertices": 504, "min": [-0.642469, 0.053975, -0.949345]}
