{"max": [0.104172, 0.430924, 0.029061], "centroid": [0.05504159168490152, 0.29359908748358904, -0.020068993496717733], "id": "1df41477bce9915e362078f6fc3b29f5", "numVertices": 457, "min": [0.00591157, 0.00190266, -0.069199]}
