{"max": [0.920207, 4.65455, 0.920207], "centroid": [0.1656371941030074, 2.1949835113338523, 0.18404132155435685], "id": "d3ed110edb3b8a4172639f272c5e060d", "numVertices": 1297, "min": [-0.588932, 0.0, -0.552124]}
