{"max": [0.100382, 0.363363, 0.100382], "centroid": [4.513725308642054e-05, 0.2545667592592592, -6.218885802461577e-06], "id": "bd6fdeae09b3c00c3ea96ac97db63fa8", "numVertices": 648, "min": [-0.100382, 0.0752573, -0.100382]}
