{"max": [0.0397234, 0.346448, 0.0397234], "centroid": [-6.319803225806593e-05, 0.20537904822580633, 0.0033783364516129038], "id": "158634b1d7d010eeebe67d9b32c3ddf8", "numVertices": 124, "min": [-0.0397234, 0.0, -0.0397234]}
