{"max": [0.0369, 0.291633, 0.089867], "centroid": [-1.8912869665884322e-18, 0.196981111913358, 0.010349355956678706], "id": "91235f7d65aec958ca972daa503b3095", "numVertices": 554, "min": [-0.0369, 0.0, -0.089867]}
