{"max": [0.0, 0.355, 0.0], "centroid": [-0.04829629463752994, 0.19374831955092175, -0.04825756464554922], "id": "9e274df011a9643c21ec51d5b72ac4e7", "numVertices": 1247, "min": [-0.0965926, 0.0, -0.0965926]}
