{"max": [0.742965, 2.13162, -1.70632], "centroid": [0.002033220509153781, 1.1061010073082953, -2.6772319753865617], "id": "8d861e4406a9d3258534bca5562e21be", "numVertices": 3169, "min": [-0.742965, -0.060642, -3.586]}
