{"max": [-0.482452, 4.4378, 9.88086], "centroid": [-2.9344318596153878, -1.315733362820508, 7.693914262820514], "id": "44dcea00fb1923051a4cb1c0c7bb0654", "numVertices": 1560, "min": [-6.17295, -7.80732, 4.19037]}
