{"max": [0.580016, 1.32, -0.199067], "centroid": [0.3410077240773289, 0.977484217926189, -0.45049354130052666], "id": "3a9516eb02206108e0c8359faeb78bbe", "numVertices": 569, "min": [0.102834, 0.0, -0.676249]}
