{"max": [-0.0145093, 0.189647, -0.0748027], "centroid": [-0.040679681373471256, 0.04960136847036709, -0.10363714205079982], "id": "244894af3ba967ccd957eaf7f4edb205", "numVertices": 1063, "min": [-0.0669025, 0.0, -0.127199]}
