{"max": [39.571, 160.85, 34.0325], "centroid": [5.503239922093742, 87.64626112499985, -0.03529596354166769], "id": "af4ff1c4a94383e9ca017e2245ec1dae", "numVertices": 1920, "min": [-28.5645, 5.70886, -34.103]}
