{"max": [0.0267428, 0.133443, 0.0814268], "centroid": [-0.0008401122042042017, 0.03660946282882889, 0.055067827327327505], "id": "f47cbefc9aa5b6a918431871c8e05789", "numVertices": 999, "min": [-0.0276718, -0.054684, 0.0279412]}
