{"max": [-0.0233194, -0.0120999, 0.20856], "centroid": [-0.06409334934049839, -0.09662203067904171, 0.14869559648265693], "id": "c3bc0cd2648e76b9187964c89b3399f1", "numVertices": 2047, "min": [-0.103697, -0.3321, -0.002]}
