{"max": [0.059172, 0.175, 0.059172], "centroid": [8.842271051159558e-19, 0.07375260000000013, -7.54604712049911e-18], "id": "edfcffbdd585d00ec41b4a535d52e063", "numVertices": 360, "min": [-0.059172, -0.00356, -0.059172]}
