{"max": [0.20492, 1.06693, 2.11745], "centroid": [0.023493247213074882, 0.26885152347329005, 1.9389988079859053], "id": "134c723696216addedee8d59893c8633", "numVertices": 5109, "min": [-0.160241, -0.188892, 1.21602]}
