{"max": [0.828869, 6.29047, 0.828869], "centroid": [-0.0003566002832861134, 5.055291711048146, 9.62541076487056e-06], "id": "2618100a5821a4d847df6165146d5bbd", "numVertices": 1412, "min": [-0.828869, 0.480739, -0.828869]}
