{"max": [0.168275, 0.52705, 0.168275], "centroid": [0.08413747555555559, 0.36856450000000035, 0.08405565888888888], "id": "e9371d3abbb3bb7265bca0cae1ecfff5", "numVertices": 144, "min": [0.0, 0.0, 0.0]}
