{"max": [2.66734, 0.260075, -0.488992], "centroid": [2.57195163265306, 0.2389981415816306, -0.5939273380102041], "id": "4d4fc73864844dad1ceb7b8cc3792fd", "numVertices": 784, "min": [2.46994, 0.0301625, -0.686384]}
