{"max": [-0.969042, 0.3322, 2.28286], "centroid": [-1.0167405513654058, 0.15508146784135246, 2.2351181729518768], "id": "74d0244fed5504cdb1d85e3f9755b881", "numVertices": 1538, "min": [-1.06448, 0.0, 2.18742]}
