{"max": [0.0559272, 0.238438, 0.0559272], "centroid": [-1.2335811384723962e-18, 0.14725718666666598, 3.430897541376352e-18], "id": "57b186ba25a680584289430f919c490c", "numVertices": 360, "min": [-0.0559272, 0.0, -0.0559272]}
