{"max": [0.0258473, 0.192826, 0.0258473], "centroid": [1.470724728662638e-20, 0.08472822547663203, 1.010592205162937e-06], "id": "3d758f0c11f01e3e3ddcd369aa279f39", "numVertices": 5927, "min": [-0.0258473, 0.0, -0.0258473]}
