{"max": [1.59178, 6.477, 1.31635], "centroid": [0.5258766114130436, 4.439562744565223, -0.2557364100543477], "id": "f6fa8cc6b08aaabb2aafb83519a0c8dc", "numVertices": 368, "min": [-1.31635, 0.0, -1.31635]}
