{"max": [-6.64131, 2.08293, 10.5791], "centroid": [-7.577879922958397, 1.2719141694915295, 9.417007457627117], "id": "495dea92a04b43e6be9fabb33de62010", "numVertices": 649, "min": [-8.5145, 0.0, 8.4788]}
