{"max": [0.03175, 0.197485, 0.0296649], "centroid": [-0.00023376734305827034, 0.1202808884438807, 0.005153152170512331], "id": "89b12196a1db5a74bb8058680b6b9460", "numVertices": 5114, "min": [-0.03175, 0.0, -0.03175]}
