{"max": [15.3796, -0.0601642, 10.7315], "centroid": [15.326989659367394, -0.12829487189781066, 10.671453527980539], "id": "e23f62bb4794ee6a7fdd0518ed16e820", "numVertices": 822, "min": [15.2755, -0.413978, 10.6141]}
