{"max": [-0.0440716, 0.166133, -0.0504676], "centroid": [-0.0691208257803468, 0.08172821239306335, -0.0755169011560692], "id": "3dbd66422997d234b811ffed11682339", "numVertices": 865, "min": [-0.0941701, -0.00679879, -0.100566]}
