{"max": [0.0515, 0.1812, 0.065], "centroid": [0.0189723166736335, 0.06259122399999975, 0.032500000786977505], "id": "e7714b3280fa7f925b2cc658332a8e03", "numVertices": 2488, "min": [-0.0135, 0.0, 0.0]}
