{"max": [82.8306, 186.862, -64.6476], "centroid": [66.62817229437269, 128.87968051948107, -80.85000741342033], "id": "b742bd7f675191c24ad6a0c67b7f7a5b", "numVertices": 1848, "min": [50.4258, 21.9065, -97.0524]}
