{"max": [6.99477, 16.996, 7.98113], "centroid": [4.772501862068974, 10.136309271921224, 5.7826314876847205], "id": "738033cec99efcf2890766cd24d8fa7b", "numVertices": 1015, "min": [2.56862, 0.141015, 3.55436]}
