{"max": [-0.993247, 22.5806, 3.4368], "centroid": [-4.689301477351917, 15.32163867595819, -0.22823385275261387], "id": "dc192dfce3556031fc0310aa34dddc94", "numVertices": 287, "min": [-8.01606, 0.0, -3.58602]}
