{"max": [1.58734, 0.271859, -0.331103], "centroid": [1.5460644504021441, 0.1960431072386063, -0.3723777841823055], "id": "5566c65116a9567078fe949fc1419876", "numVertices": 746, "min": [1.50479, 0.0, -0.413653]}
