{"max": [0.0092, 0.0397, 0.0092], "centroid": [2.237495659884301e-19, 0.029273202941176527, -9.460195426589205e-20], "id": "829ad86e645d11b1bcbe24a1993b1795", "numVertices": 816, "min": [-0.0092, 0.0, -0.0092]}
