{"max": [0.0, 0.32042, 0.0], "centroid": [-0.0393884028140703, 0.21719040246231108, -0.04000010773869346], "id": "d44472ef7086538676bb31db0358e9c6", "numVertices": 398, "min": [-0.07878, 0.0, -0.08]}
