{"max": [0.0317, 0.22, 0.0317], "centroid": [2.634242353057721e-19, 0.09433236079227993, 1.356766964451134e-19], "id": "6a96b74beea7f5b316aa41fc58452f78", "numVertices": 1969, "min": [-0.0317, 0.0, -0.0317]}
