{"max": [1.15594, 3.333, 1.43294], "centroid": [-0.020887112358722145, 2.284378378378374, 0.27126971891891904], "id": "d511899945a400b183b4ef314c5735aa", "numVertices": 407, "min": [-1.15594, -0.003, -0.878945]}
