{"max": [0.0, 0.306387, 0.0], "centroid": [-0.036830783641618584, 0.13163952314682087, -0.038286809052023175], "id": "11fc9827d6b467467d3aa3bae1f7b494", "numVertices": 865, "min": [-0.0734323, 0.0, -0.0745622]}
