{"max": [0.0133126, 0.0560784, 0.0133126], "centroid": [3.9528204205200685e-21, 0.03896319999999997, -9.938519914450457e-20], "id": "77699e08e3824eab47765668cf4023ed", "numVertices": 192, "min": [-0.0133126, 0.0, -0.0133126]}
