{"max": [-0.00921395, 0.12065, 0.0400762], "centroid": [-0.02826202356973992, 0.0958525567375885, 0.02137440910165484], "id": "be16ada66829940a451786f3cbfd6769", "numVertices": 423, "min": [-0.047314, 0.0127, 0.00197622]}
