{"max": [0.0962526, 0.283426, 0.0962526], "centroid": [6.408839508469871e-18, 0.1645858916666666, 6.264279218805137e-19], "id": "a95db9f4cb692657a09c6a60c6dc420", "numVertices": 288, "min": [-0.0962526, -0.0001575, -0.0962526]}
