{"max": [0.721928, 5.21345, 0.721928], "centroid": [2.028019968516641e-18, 2.6959136788445353, 9.668467291765382e-18], "id": "950d6ca1d2b53ce52f71dfd07ef088cf", "numVertices": 1177, "min": [-0.721928, 0.0, -0.721928]}
