{"max": [1.3, 4.61, 1.3], "centroid": [4.075096073046095e-18, 1.902408989017351, 0.0011517982658959998], "id": "b1271f402910cf05cfdfe3f21f42a111", "numVertices": 1730, "min": [-1.3, 0.003083, -1.3]}
