{"max": [0.460379, 3.90637, 0.460379], "centroid": [-0.023385595970454528, 2.154058098086132, 0.004279619696770342], "id": "d2e7e725aa6b39f0d333084c1357713e", "numVertices": 836, "min": [-0.505718, 0.104769, -0.460379]}
