{"max": [0.034329, 0.207811, 0.0481965], "centroid": [-0.0020559056366197203, 0.15546108095774702, -0.0007569257040234739], "id": "cc48fe97a95e8716ccaa5ad584801c3e", "numVertices": 2130, "min": [-0.034329, 0.0, -0.0481965]}
