{"max": [0.682642, 2.69089, 0.0], "centroid": [0.3394736061904763, 2.1593606485714343, -0.3413142428571431], "id": "9a777a5f3701fb6b940806ade53ef2f", "numVertices": 2100, "min": [0.0, 0.0, -0.682642]}
