{"max": [0.0, 0.31702, 0.073025], "centroid": [-0.03651249890981175, 0.08726802374192202, 0.03651249890981176], "id": "78d707f4d87b5bfd730ff85f0d8004ee", "numVertices": 2018, "min": [-0.073025, 0.0, 0.0]}
