{"max": [-10.1308, 23.7905, 0.338895], "centroid": [-12.236645046728963, 16.499849345794345, -3.158100429703797], "id": "c771267feb7ee16761d12ece735ab44", "numVertices": 535, "min": [-13.9764, 0.0, -6.6831]}
