{"max": [0.1778, 0.558695, 0.1778], "centroid": [0.0020229947367295213, 0.44443168267250155, 0.002451259100217869], "id": "ba4b48d76eb79f7cf54e1b6f41fdd78a", "numVertices": 34882, "min": [-0.1778, -0.000141884, -0.1778]}
