{"max": [-1.08263, 12.0395, 4.38426], "centroid": [-4.293398161592493, 6.31009300363001, 2.8973737002341893], "id": "ed55f39e04668bf9837048966ef3fcb9", "numVertices": 854, "min": [-7.24333, -0.472284, 1.45156]}
