{"max": [1.4945, 0.263445, -0.398909], "centroid": [1.428514294478528, 0.14730682254601263, -0.463623875766871], "id": "e7818a94d20fd8e1a4136492f17b9a59", "numVertices": 652, "min": [1.36193, 0.0, -0.531478]}
