{"max": [0.650169, 1.69926, 0.605076], "centroid": [0.25120426720930245, 1.068331986710966, -0.028003324818936907], "id": "70172e6afe6aff7847f90c1ac631b97f", "numVertices": 602, "min": [-0.612586, 0.062484, -0.617172]}
