{"max": [0.493448, 0.270379, -0.429164], "centroid": [0.4591627332439672, 0.1662410041554956, -0.46344995040214526], "id": "970027a2c9f1de88c123147a914238ea", "numVertices": 746, "min": [0.424877, 0.0222637, -0.497736]}
