{"max": [0.053, 0.258899, 0.193201], "centroid": [0.026332296647230174, 0.1879270517492726, 0.09892822631195329], "id": "546eded3ac7801412389a54fb53b0765", "numVertices": 2744, "min": [0.0, 0.0, 0.008214]}
