{"max": [255.398, 25.5275, -56.9124], "centroid": [251.6408187250998, 20.849171613545742, -60.53134780876498], "id": "81bf26a14c2dda38c19359cf6b65431e", "numVertices": 1004, "min": [247.905, -1.16205, -64.1514]}
