{"max": [0.043143, 0.3, 0.042893], "centroid": [0.00030121296914166777, 0.12243626844759388, 2.195955779033059e-07], "id": "2a9817a43c5b3983bb13793251b29587", "numVertices": 7060, "min": [-0.0428923, 0.0, -0.0428923]}
