{"max": [-0.294079, 0.27, 0.730686], "centroid": [-0.32907932638888904, 0.19874999999999993, 0.6956862152777776], "id": "d34628eb8992d1f418ae046addd85243", "numVertices": 288, "min": [-0.364079, 0.14, 0.660686]}
