{"max": [1.22879, 3.90366, 0.0], "centroid": [0.526549652941176, 2.4753116862745106, -0.94734025490196], "id": "b033d2a7efef6d881bd37ceeddc6ee3", "numVertices": 102, "min": [-0.18792, 0.0, -1.89468]}
