{"max": [1.94234, 6.98374, 1.94234], "centroid": [0.9668672039812666, 2.6213123653395765, 0.9812943269320855], "id": "412d5f41b5fda0b271dbcf1c4061c69b", "numVertices": 854, "min": [0.0, 0.0, 0.0]}
