{"max": [0.05715, 0.32385, -1.72518], "centroid": [0.019049999099472536, 0.15890954625316422, -1.7632843459915608], "id": "a34966853ab2272ab2047d3072d5e051", "numVertices": 1896, "min": [-0.01905, 0.0, -1.80138]}
