{"max": [-0.113804, 1.03443, -2.26498e-06], "centroid": [-0.3872561656932068, 0.8188824726713786, -0.2734482783830188], "id": "200b3f3d859c8677ad5067eac75a07f7", "numVertices": 3253, "min": [-0.660664, 0.0, -0.546862]}
