{"max": [0.1524, 0.68537, 0.1524], "centroid": [-2.1068665207882175e-05, 0.5015571509846813, 0.0003307045951859961], "id": "15787789482f045d8add95bf56d3d2fa", "numVertices": 457, "min": [-0.1524, -0.104775, -0.1524]}
