{"max": [0.73, 1.72638, 0.73], "centroid": [0.3377666571428575, 0.8052071775510146, 0.2658921551020416], "id": "2fa757f584a3be31a7ceedb2540a32b0", "numVertices": 980, "min": [-0.07, 0.0, -0.07]}
