{"max": [0.0898681, 0.32, 0.0372246], "centroid": [0.05264348602941178, 0.2050110364705881, 4.94268637456627e-19], "id": "aec6aa917d61d1faebe67d9b32c3ddf8", "numVertices": 136, "min": [0.0154189, 0.0, -0.0372246]}
