{"max": [4.61033, 1.19012, -1.56292], "centroid": [3.7491800602582788, 0.58434398593974, -2.433612944045904], "id": "1a7ba1f4c892e2da30711cdbdbc73924", "numVertices": 3485, "min": [2.88575, -1.09464, -3.28749]}
