{"max": [0.127481, 0.3048, 0.127481], "centroid": [0.06374057107920789, 0.19914765329703077, 0.06374057107920784], "id": "c553b7e594942f0a4c0bba210aa0d1", "numVertices": 2424, "min": [0.0, 0.0, 0.0]}
