{"max": [-9.9568e-06, 0.0822509, 0.00111293], "centroid": [-0.016631527278482598, 0.03246097447761159, -0.015532164240422908], "id": "592f62e338fcac1eb0be98650cd7fb6f", "numVertices": 1608, "min": [-0.0333475, 0.0, -0.0322246]}
