{"max": [0.025, 0.2, 0.025], "centroid": [-1.7910840932117682e-05, 0.06981479229989904, -3.91059750156879e-19], "id": "cf6843231592b29e2586fa0d0359af6", "numVertices": 987, "min": [-0.025, 0.0, -0.025]}
