{"max": [0.233268, 1.68616, 0.190972], "centroid": [0.012489907363813352, 0.8256079247306597, 0.0790825515802838], "id": "dc9247034a68285efea8a3df5e20f054", "numVertices": 11402, "min": [-0.235826, -5.00126e-05, -0.272704]}
