{"max": [0.032, 0.21, 0.032], "centroid": [1.236418685122654e-06, 0.11880813799307918, 5.292387543259768e-08], "id": "541c4dc1d1b42978648ed39e926e682f", "numVertices": 1156, "min": [-0.032, 0.0, -0.032]}
