{"max": [0.046054, 0.15875, 0.046054], "centroid": [-5.972536382536438e-05, 0.005067640332640316, -2.2339916839908777e-05], "id": "40aee078f0390b7134076b5960251711", "numVertices": 481, "min": [-0.046054, -0.1524, -0.046054]}
