{"max": [1.96836, 12.7291, 1.96836], "centroid": [-0.0057333654822334665, 7.86464530456848, -0.00027038451776650185], "id": "7d41c6018862dc419d231837a704886d", "numVertices": 788, "min": [-1.96836, 0.0, -1.96836]}
