{"max": [29.7125, 33.7949, 38.9972], "centroid": [16.50581785891088, 20.610615875000086, 17.613068788366444], "id": "f03f9704001d2055ab8a56962d772d13", "numVertices": 8080, "min": [2.90085, -0.45725, 2.82005]}
