{"max": [0.203356, 0.254332, -0.0278222], "centroid": [0.16735598119122266, 0.15188804015226276, -0.06382223721450965], "id": "22249179e88b0502846564a8a219239b", "numVertices": 2233, "min": [0.131356, 0.0043319, -0.0998222]}
