{"max": [0.0267428, 0.201168, 0.0814269], "centroid": [-4.165263257575505e-05, 0.060580173690151215, 0.0548926763257578], "id": "656ef8a799ee1c5118431871c8e05789", "numVertices": 1056, "min": [-0.0267428, -0.054684, 0.0279412]}
