{"max": [4.3587, 6.4135, 2.90802], "centroid": [2.4212709375000006, 3.7877750000000012, 0.9705918541666666], "id": "5d6b5d1b135b8cf8b7886d94372e3c76", "numVertices": 96, "min": [0.483842, 0.0, -0.966837]}
