{"max": [-7.66463, 11.6855, 14.7486], "centroid": [-11.543747122302168, 7.450537374100736, 10.829697302158275], "id": "99d595bf3ac08bace13f76b539e1d69a", "numVertices": 278, "min": [-15.4838, 0.0, 6.92933]}
