{"max": [-0.0263755, 0.298968, -1.10622], "centroid": [-0.07182354006147523, 0.126663860868852, -1.151832463114764], "id": "d30623112e58b893eee7d6dab02eb061", "numVertices": 4880, "min": [-0.117617, 0.0, -1.19746]}
