{"max": [0.0, 7.32606, 5.238], "centroid": [-9.751008530612248, 3.8843612068027196, 2.3668804489795865], "id": "e4ada697d05ac7acf9907e8bdd53291e", "numVertices": 735, "min": [-13.1477, 0.284177, 1.01759]}
