{"max": [-0.910212, 0.702918, -1.67168], "centroid": [-1.136005569274949, 0.2548245028284293, -1.8972169346733656], "id": "f6ffca90c543edf9d6438d5cb8c578c6", "numVertices": 1393, "min": [-1.36154, 0.00126141, -2.12302]}
