{"max": [-0.0544767, 6.17895, 0.92945], "centroid": [-0.9839267755985387, 3.682330218784558, 1.4056691149719985e-18], "id": "6444875e3217bf891f5f48a891d827bd", "numVertices": 4344, "min": [-1.91338, 0.0, -0.92945]}
