{"max": [0.0743329, 0.299905, 0.0743329], "centroid": [0.033182576531925266, 0.17607149967759195, 0.03700152833114832], "id": "3c6d6ff143483efaebb19cf38af396e6", "numVertices": 4119, "min": [0.0, 0.0, 0.0]}
