{"max": [0.04445, 0.314325, 0.04445], "centroid": [-0.0009130600975609755, 0.19188356448780466, 6.08728292682932e-05], "id": "8a980192662f95b84f42eadbd9a0b820", "numVertices": 410, "min": [-0.04445, 0.0, -0.04445]}
