{"max": [1.56652, 6.504, 1.56652], "centroid": [-0.005987637534456346, 4.140318554364485, -0.004169947120980067], "id": "41a2005b595ae783be1868124d5ddbcb", "numVertices": 653, "min": [-1.56652, 0.0, -1.56652]}
