{"max": [0.0381, 0.2794, 0.0381], "centroid": [3.4694469519536144e-19, 0.17017999999999994, 8.673617379884036e-20], "id": "75bf30ec68b8477e7099d25c8e75cf58", "numVertices": 40, "min": [-0.0381, 0.0, -0.0381]}
