{"max": [0.13, 0.245, 0.045], "centroid": [0.06500001612265074, 0.10674921451038516, 1.6051768662475796e-18], "id": "917fd3e68de79bf69ece21a0b0786a69", "numVertices": 1011, "min": [0.0, 0.0, -0.045]}
