{"max": [1.12202, 0.983148, -0.798985], "centroid": [1.0084963744619801, 0.7492032918220947, -1.052544822094692], "id": "5872e807edaf985878fe949fc1419876", "numVertices": 697, "min": [0.692534, 0.0, -1.21075]}
