{"max": [-1.10304, 0.599437, 0.548784], "centroid": [-1.345837179190748, 0.43686926242774315, 0.3059822164161849], "id": "98f2bdf417a15ceaa5d6dc096343ac63", "numVertices": 865, "min": [-1.58864, 0.0, 0.0631808]}
