{"max": [1.02599, 4.4395, 1.02599], "centroid": [-7.915707308579384e-18, 2.2344952458993013, -1.1564954883968947e-17], "id": "bb46957091f2a282cfdfe3f21f42a111", "numVertices": 2641, "min": [-1.02599, 0.00993873, -1.02599]}
