{"max": [4.89155, 27.402, 5.00339], "centroid": [-0.2227256746724898, 11.676372925763987, 0.0714702703711791], "id": "da2703e6d87a28e75887f1f81e7530ec", "numVertices": 916, "min": [-5.10845, 0.0, -4.99661]}
