{"max": [1.74303, 0.3048, 2.32489], "centroid": [1.7070457979502207, 0.19857836163982442, 2.286792225475846], "id": "26e6f23bf6baea05fe5c8ffd0f5eba47", "numVertices": 683, "min": [1.66683, 0.0, 2.24869]}
