{"max": [1.50483, 10.0081, 1.50483], "centroid": [4.359878748702049e-18, 6.4826159114331015, -0.0003699554379612729], "id": "b35973652d9a526c64848cfde3847b25", "numVertices": 7181, "min": [-1.50483, 1.28153, -1.50483]}
