{"max": [3.1846, 2.03, 3.26437], "centroid": [2.6261816249999983, 0.9271920166666641, 3.0033579166666677], "id": "74e5ea1a783a5f5f533775ea6714a372", "numVertices": 240, "min": [2.13085, 0.0, 2.14938]}
