{"max": [-2.46881, 4.0045, -2.15892], "centroid": [-3.204420334496801, 0.8538455256241958, -2.9037797004072083], "id": "3336ff069b249afcaea6c6fc97ee6184", "numVertices": 3438, "min": [-3.95772, -0.817245, -3.64783]}
