{"max": [1.9008, 11.1315, 1.9008], "centroid": [-0.013134190661478588, 6.117941439688704, 0.04735241634241238], "id": "6da7fa9722b2a12d195232a03d04563a", "numVertices": 257, "min": [-1.9008, -0.56515, -1.9008]}
