{"max": [0.0806378, 0.184528, 0.00309603], "centroid": [0.03852697627906971, 0.1248839643228456, -0.03888661149794794], "id": "8f2b8d281413a8bd5b326e4735ab9003", "numVertices": 1462, "min": [-0.00353553, 0.0, -0.0810861]}
