{"max": [0.0810221, 0.291769, 0.0810314], "centroid": [0.040595822148000026, 0.20088305699999986, 0.040591139184000036], "id": "6987e839b802a349a9039b9668d0f11f", "numVertices": 500, "min": [0.0, 0.0, 0.0]}
