{"max": [0.044, 0.255925, 0.044], "centroid": [4.5175090520229353e-20, 0.22095840624999896, 1.454637914751385e-18], "id": "6b884893938943f70b5ecdc69e74dca", "numVertices": 768, "min": [-0.044, 0.0, -0.044]}
