{"max": [3.00394, 9.95, 3.00394], "centroid": [0.032098547767856915, 2.882142857142876, 0.056431303869047475], "id": "a429f8eb0c3e6a1e6ea2d79f658bbae7", "numVertices": 672, "min": [-3.00394, -6.81, -3.00394]}
