{"max": [0.0, 1.73, 0.0], "centroid": [-0.24999999999999992, 0.9069781711642284, -0.25000000000000006], "id": "2f4cf418cb91949d38fc23bb1b265fa7", "numVertices": 1297, "min": [-0.5, 0.0, -0.5]}
