{"max": [-2.04544, 0.180975, 0.648376], "centroid": [-2.07094804597701, 0.13926206896551732, 0.6229675747126433], "id": "7467b9892496a83fbf8b9d530de7a108", "numVertices": 174, "min": [-2.09624, 0.0, 0.597576]}
