{"max": [0.317404, 1.56073, 0.317404], "centroid": [0.0, 1.208599681818181, 3.784851220313033e-18], "id": "cc399bb619ddddf7c13f8623d10d3404", "numVertices": 264, "min": [-0.317404, 0.0, -0.317404]}
