{"max": [0.035541, 0.25, 0.035541], "centroid": [3.5139270410812247e-19, 0.13150410769230822, 9.618819273845757e-20], "id": "150108e481b52e41bfeb5b5bfc3dfc3b", "numVertices": 1560, "min": [-0.035541, 0.0, -0.035541]}
