{"max": [0.396581, 1.45, 0.396581], "centroid": [-0.038262651959821384, 0.693218108571428, -0.09239031218675596], "id": "c5032e4be091aabb36fe7a88df793982", "numVertices": 1344, "min": [-0.396581, 0.0, -0.468707]}
