{"max": [0.83185, 2.9591, 0.875398], "centroid": [-0.13282252651724125, 2.007367450574721, 0.2721363340229884], "id": "58279e870f4aec6963b58f539d58d6d5", "numVertices": 870, "min": [-0.837699, 0.0, -0.83185]}
