{"max": [0.0, 0.2921, 0.0], "centroid": [-0.035654950547738706, 0.19432199472361855, -0.03810003265829147], "id": "af3dda1cfe61d0fc9403b0d0536a04af", "numVertices": 398, "min": [-0.0762, 0.0, -0.0762]}
