{"max": [0.283, 2.227, 0.283], "centroid": [1.2640620677660454e-18, 1.391701627906966, -2.191937415381547e-18], "id": "7746997b8cfd8d11f4718731863dd64d", "numVertices": 1032, "min": [-0.283, 0.0, -0.283]}
