{"max": [1.74172, 4.85994, -0.555681], "centroid": [0.9162915045871562, 4.187765293578002, -1.8182837339449536], "id": "74690ddde9c0182696c2e7960a15c619", "numVertices": 218, "min": [0.179625, 0.0, -3.02266]}
