{"max": [-14.6659, 21.6248, 11.7908], "centroid": [-18.77128140918374, 12.733448341899996, 7.178427151886963], "id": "ca210c6696357f98e8ec08b84f068b50", "numVertices": 5379, "min": [-23.2035, 0.0, 3.25322]}
