{"max": [0.0811755, 0.349496, 0.00350677], "centroid": [0.038472335408602086, 0.19407131306451567, -0.039196392284946334], "id": "dc0926ce09d6ce78eb8e919b102c6c08", "numVertices": 744, "min": [-0.00423083, 0.000453085, -0.0818996]}
