{"max": [0.0700898, 0.530551, 0.130941], "centroid": [-0.0010351150621428578, 0.34008839723809536, 0.05972197009047619], "id": "e4915635a488cbfc4c3a35cee92bb95b", "numVertices": 840, "min": [-0.0731293, 0.0, -0.0122784]}
