{"max": [1.76, 10.94, 1.76], "centroid": [-0.0412982217206303, 5.910777822349581, 0.7212473808194865], "id": "634c59bf37676ca64c3a35cee92bb95b", "numVertices": 698, "min": [-1.76, 0.0, -1.76]}
