{"max": [1.8318, 9.0418, 1.8318], "centroid": [0.04110175927487347, 1.9289234185497468, -0.9576599831365923], "id": "632a0bd7869cb763780bbc8616cb15f8", "numVertices": 2372, "min": [-1.8318, -3.0485e-05, -1.8318]}
