{"max": [-4.36108, 3.4706, 0.437392], "centroid": [-4.798524530899793, 2.5390210304194816, -1.4508798332537368e-18], "id": "d85f1862dfe799cbf78b6c51ab8f145e", "numVertices": 3123, "min": [-5.23587, 0.330174, -0.437392]}
