{"max": [0.0508, 0.2032, 0.0508], "centroid": [-2.7777777741954606e-10, 0.14906460000000035, -2.7777777022767163e-10], "id": "b35081bcc11ff7847b8ec2c9a49686dd", "numVertices": 360, "min": [-0.0508, 0.0, -0.0508]}
