{"max": [0.388277, 1.08395, -0.853728], "centroid": [0.1438043311672673, 0.25089260078218956, -1.137525342358605], "id": "2cc108080535bc51e7a14f6d159dcd47", "numVertices": 1662, "min": [-0.0943231, -0.037582, -1.46702]}
