{"max": [0.0384202, 0.14605, 0.0384202], "centroid": [0.0006069804487179494, 0.07521231212820505, -2.0126051282051908e-05], "id": "6d680415396d14d4d7c5502d4a22edf5", "numVertices": 468, "min": [-0.0384202, -0.0381, -0.0384202]}
