{"max": [0.0381, 0.285137, 0.0381], "centroid": [0.00027662322384378193, 0.12392902844933217, 0.0005948591880781084], "id": "109d55a137c042f5760315ac3bf2c13e", "numVertices": 973, "min": [-0.0381, 0.0, -0.0381]}
