{"max": [2.29723, 5.61038, 7.76443], "centroid": [-3.985818349891021e-17, 3.3427149031802053, 5.428271865724369], "id": "77ad88568cb55237e01d7dc978602402", "numVertices": 1415, "min": [-2.29723, 0.0, 1.53877]}
