{"max": [0.07, 0.2, 0.035], "centroid": [0.0350000010669013, 0.14772646138028125, -4.784741981860911e-19], "id": "b13f6dc78d904e5c30612f5c0ef21eb8", "numVertices": 1704, "min": [0.0, 0.0, -0.035]}
