{"max": [1.016, 5.06095, 1.016], "centroid": [1.5777723043408102e-17, 4.067628571428585, 9.41707029815981e-18], "id": "289b2ca2562277a9ca3fbd0e4ec160a5", "numVertices": 336, "min": [-1.016, 0.0, -1.016]}
