{"max": [-0.455694, 0.803453, -0.244181], "centroid": [-0.5014983783783786, 0.6840926403326374, -0.29007504158004127], "id": "8cd9b10f611ac28e866a1445c8fba9da", "numVertices": 962, "min": [-0.547293, 0.414789, -0.33608]}
