{"max": [-48.751, 188.468, 57.6683], "centroid": [-85.45358394271818, 141.98333354661958, 20.91983185984169], "id": "b7ffc4d34ffbd449940806ade53ef2f", "numVertices": 3282, "min": [-122.248, 1.7798, -15.8287]}
