{"max": [0.00828307, 0.0364893, 0.0117745], "centroid": [0.005832633687002646, 0.015252974535808943, 0.009410248819628634], "id": "7f5db4889a433ce5e7a14f6d159dcd47", "numVertices": 754, "min": [0.00250782, 0.0127716, 0.00683992]}
