{"max": [1.38018, 0.223338, -0.0533599], "centroid": [1.3301522895739537, 0.10598645986948393, -0.0995185889504677], "id": "7984d4980d5b07bceba393d429f71de3", "numVertices": 2887, "min": [1.2826, 0.0, -0.150944]}
