{"max": [0.0762022, 0.203305, 0.0], "centroid": [0.038101100488483884, 0.11734547924120037, -0.03810109785954971], "id": "c80173e23efaac35535deb3b0c692a2a", "numVertices": 5592, "min": [0.0, 0.0, -0.0762022]}
