{"max": [0.198529, 0.257978, -0.0116083], "centroid": [0.07967494320547543, 0.21872176195965387, -0.07625061671469745], "id": "8e20da9c3f63ac2ce902acf138e668e2", "numVertices": 694, "min": [-0.0190227, 0.0, -0.129545]}
