{"max": [0.252409, 1.18522, 0.242409], "centroid": [0.010000000000000044, 0.8338641172472417, -8.053125805214336e-18], "id": "d3eea69d9d58401c76c2a9de5c96f76", "numVertices": 2354, "min": [-0.232409, 0.0, -0.242409]}
