{"max": [6.45382, 16.0312, 6.45382], "centroid": [4.58322838370898e-16, 10.88793384615383, -7.187982403021847e-17], "id": "701ea218827f9a7a733657da4b6687f4", "numVertices": 312, "min": [-6.45382, 0.0, -6.45382]}
