{"max": [-2.82972, 14.582, -1.88811], "centroid": [-4.839054441373846, 9.846310803790058, -3.897444332806975], "id": "935b737dca29fbf4ef026123226f5519", "numVertices": 5066, "min": [-6.84839, 0.151465, -5.90678]}
