{"max": [0.1016, 0.4572, 0.1016], "centroid": [0.051037682738668766, 0.1800210308498543, 0.050784420167847184], "id": "3d8444d8717cc0b7c18cdaa4851a3c95", "numVertices": 5648, "min": [0.0, 0.0, 0.0]}
