{"max": [-0.0355283, 0.400534, 0.195791], "centroid": [-0.11571261393662663, 0.26591728598281444, 0.11571261393662649], "id": "f1c0e107dc158727a8360f05ea0a1d2d", "numVertices": 3724, "min": [-0.195791, 0.117765, 0.0355283]}
