{"max": [0.529438, 0.269883, 0.0343923], "centroid": [0.48877461797752725, 0.1376624075655428, -0.005764590214805025], "id": "957f897018c8c387b79156a61ad4c01", "numVertices": 4539, "min": [0.448995, 0.0077145, -0.0458895]}
