{"max": [1.5, 15.22, 2.69], "centroid": [0.2031143184588846, 10.008344838130121, -0.01879141710476584], "id": "9cec36de93bb49d3f07ead639233915e", "numVertices": 5455, "min": [-1.5, 0.0, -2.69]}
