{"max": [-0.0338095, 0.202609, 0.105759], "centroid": [-0.06125306166666666, 0.15047407200000082, 0.07831492333333345], "id": "c13219fac28e722edd6a2f6a8ecad52d", "numVertices": 600, "min": [-0.0886966, 0.0146458, 0.0508713]}
