{"max": [0.02, 15.302, 0.0], "centroid": [-1.587756281068112, 12.532287731372064, -3.4962676808442654], "id": "a1c63c463ad7fc1fb549927fbd0d12d", "numVertices": 3127, "min": [-3.22, 0.0, -7.0]}
