{"max": [0.0347784, 0.193675, 0.036034], "centroid": [-0.000523923273818899, 0.14350634342322843, 0.00048588960629921237], "id": "33dcf806c673d958f4bdca145ed48dc6", "numVertices": 1016, "min": [-0.0361493, 0.000816407, -0.0348937]}
