{"max": [-1.3986, 8.59287, -3.83822], "centroid": [-2.87790303747534, 5.59108948717947, -5.312206153846168], "id": "14588e373cdb9143ca972ee98a070b3d", "numVertices": 507, "min": [-4.42095, 0.0, -6.87352]}
