{"max": [-0.284329, 0.235486, -0.461777], "centroid": [-0.32355952326859583, 0.16100621474606147, -0.4996680285818983], "id": "2927d6c8438f6e24fe6460d8d9bd16c6", "numVertices": 2729, "min": [-0.360771, 0.0, -0.536722]}
