{"max": [0.08379, 0.51938, 0.01379], "centroid": [0.049019265263157925, 0.34895354671052564, -0.023525673026315783], "id": "d10b549075e8f3812adf8abaa25e0215", "numVertices": 380, "min": [0.00931, -0.00778266, -0.06069]}
