{"max": [0.35, 2.07761, 2.27383], "centroid": [0.0009163677595628406, 1.7398584879781238, 1.9222744535519172], "id": "4301fe10764677dcdf0266d76aa42ba", "numVertices": 1830, "min": [-0.35, -0.022393, 1.57383]}
