{"max": [0.0254, 0.1524, 0.0], "centroid": [-1.832817958249305e-19, 0.08322504928571416, -0.02539999982380956], "id": "8099b9d546231dd27b9c6deef486a7d8", "numVertices": 1008, "min": [-0.0254, 0.0, -0.0508]}
