{"max": [0.0458696, 0.252876, 0.0458696], "centroid": [-0.0006252326923076929, 0.1840593076923078, 0.000512327647435898], "id": "7446fa250adf49c5e7ef9fff09638f8e", "numVertices": 312, "min": [-0.0458696, 0.0, -0.0458696]}
