{"max": [6.07839, 13.7358, 9.7825], "centroid": [3.7386305493786782, 10.142498870176626, 4.870330733158939], "id": "d2c9c369376827adf8f0533aaf004c87", "numVertices": 1529, "min": [1.40271, 0.0, 0.0]}
