{"max": [0.0758581, 0.245704, 0.0758581], "centroid": [-3.154042683594195e-19, 0.17261838181818223, -3.3800824092517786e-17], "id": "80a3b56c86f906e5f913a7c27a7e15b9", "numVertices": 264, "min": [-0.0758581, 0.0, -0.0758581]}
