{"max": [1.28786, 2.29553, 12.8464], "centroid": [0.7426223771929823, 1.5594406315789504, 12.306057017543866], "id": "3b956918a41da89c325e6e8eb2c67fd8", "numVertices": 114, "min": [0.20751, 0.0, 11.7637]}
