{"max": [8.5248, 0.926846, -8.08626], "centroid": [8.109062660080571, 0.4617620168679117, -8.613422612513718], "id": "f1ae9b2eb551ba466dc523ea4bf73f1c", "numVertices": 2733, "min": [7.66512, 0.0, -8.99856]}
