{"max": [0.294884, 0.38163, -1.08083], "centroid": [0.25828458105213026, 0.181514801194954, -1.0943973220661711], "id": "cec14f91bf10f86e8291825d073a05e1", "numVertices": 4201, "min": [0.207626, 0.0, -1.19393]}
