{"max": [3.91572, 13.4016, 16.6317], "centroid": [2.178690096986296, 8.418540965742464, 14.894574739726071], "id": "9012b03ddb6d9a3dfbe67b89c7bdca4f", "numVertices": 1825, "min": [0.441861, -0.0198437, 13.1578]}
