{"max": [0.245, 1.36253, 0.245], "centroid": [3.571820126305405e-18, 0.5417262008794257, -1.9350537269632516e-19], "id": "6c24c027831790516f79a03aa42f27b9", "numVertices": 4321, "min": [-0.245, 0.120239, -0.245]}
