{"max": [-0.436288, 0.2921, -1.36479], "centroid": [-0.4705543881118886, 0.19981113391608538, -1.4005971328671365], "id": "c1ebc4254a9f43823c0d2e0152e91b5", "numVertices": 572, "min": [-0.506138, 0.0, -1.43465]}
