{"max": [9.11631, 12.1268, -2.36864], "centroid": [6.895196944444446, 9.089291666666673, -4.572806805555556], "id": "5fb5ef6280e09d96d11ab9fa7ac20266", "numVertices": 144, "min": [4.69395, 0.0, -6.791]}
