{"max": [0.0649477, 0.436098, 0.0649477], "centroid": [0.0010750810177514772, 0.2538823029585798, -0.0002530959966863891], "id": "8d27a39b1a33dcf9660045a6e369fc9f", "numVertices": 845, "min": [-0.0649477, 0.0, -0.0649477]}
