{"max": [0.0, 0.069, 0.0], "centroid": [-0.02549999999999999, 0.045749999999999985, -0.00999999933333333], "id": "591153135f8571a69fc36bc06f1db2fa", "numVertices": 96, "min": [-0.051, 0.0, -0.02]}
