{"max": [3.265, 5.28288, 2.0], "centroid": [1.2612521894770057, 3.4328396602394546, -8.355387523629347e-05], "id": "97179a870ed9f12da452d8ffbbc0126", "numVertices": 1587, "min": [-0.735, 0.0, -2.0]}
