{"max": [0.0335088, 0.339481, 0.0335088], "centroid": [-2.154935995002245e-21, 0.15128406826335372, -2.5859231940026938e-20], "id": "78f5db072e28145db1e647730e72f91c", "numVertices": 1610, "min": [-0.0335088, 0.0, -0.0335088]}
