{"max": [0.0, 0.826421, 0.0], "centroid": [-0.22260459196061627, 0.5571262960973975, -0.2602974013097023], "id": "bf73707d87715aa8ad5067eac75a07f7", "numVertices": 2793, "min": [-0.445677, 0.0, -0.547231]}
