{"max": [0.0783833, 0.296862, 0.0785232], "centroid": [0.039191624560185205, 0.18233985566666716, 0.03926160930555552], "id": "56c23ba1699f6294435b5a0263ddd2e2", "numVertices": 432, "min": [0.0, 0.0, 0.0]}
