{"max": [0.0505258, 0.379465, 0.0505258], "centroid": [-0.008115995573187183, 0.2705895379426649, -0.0009450097241146696], "id": "ab3795042c759b6798646029ad91cbbd", "numVertices": 1186, "min": [-0.0505258, -0.041275, -0.0505258]}
