{"max": [0.0, 2.98734, 0.775466], "centroid": [-0.3878380416881128, 2.0683465579001776, 0.38773299691199314], "id": "77c9a8391c708ae5940806ade53ef2f", "numVertices": 1943, "min": [-0.775466, 0.0, 0.0]}
