{"max": [1.96344, 3.7211, 0.146372], "centroid": [1.2724022999999998, 2.5302633333333273, -0.5443361024999996], "id": "371b604f78300e02d76ab6ff59fe7e10", "numVertices": 360, "min": [0.582206, 0.3683, -1.23486]}
