{"max": [-2.69873, 3.16865, 3.2483], "centroid": [-4.259016709770111, 1.7244550275862107, 1.6880139152298852], "id": "3ae3a9b74f96fef28fe15648f042f0d9", "numVertices": 696, "min": [-5.8193, 0.0, 0.127729]}
