{"max": [0.0542743, 2.0282, 0.0542743], "centroid": [-2.8820564078728596e-20, 1.9467144303797457, 8.801708775789495e-19], "id": "77a2242bf4ea8f9fc02fe00a7187a6a9", "numVertices": 1896, "min": [-0.0542743, 1.80663, -0.0542743]}
