{"max": [0.013028, 0.0563498, 0.018962], "centroid": [0.003304392335445241, 0.03117699820880199, 0.009239551266274291], "id": "caa8379f21c74f611f058bf0578300", "numVertices": 3908, "min": [-0.00641659, -0.023746, -0.000482589]}
