{"max": [0.0363567, 0.31115, 0.0363567], "centroid": [0.0008811173698175773, 0.22043121890547382, 0.00023166772802653474], "id": "e824b049f16b29f19ab27ff78a8ea481", "numVertices": 603, "min": [-0.0363567, 0.0, -0.0363567]}
