{"max": [-1.22311, 0.259544, -2.18626], "centroid": [-1.2642048951342357, 0.11447314842575465, -2.2272256753355713], "id": "af853a8c58d2b631992eedbdd14b936d", "numVertices": 2384, "min": [-1.30518, 0.0, -2.26832]}
