{"max": [1.71483, 8.50105, 2.56672], "centroid": [-0.021763544165703502, 6.4328692603930735, 0.158190546482236], "id": "9eccbc942fc8c0011ee059e8e1a2ee9", "numVertices": 2595, "min": [-1.74289, -0.0739287, -1.69093]}
