{"max": [0.0501871, 0.15191, 0.0501871], "centroid": [-0.0008629957142857146, 0.09044857142857135, -4.6775885714285835e-05], "id": "595e22f425839eac2d4b0854f7611ed6", "numVertices": 350, "min": [-0.0501871, 0.0, -0.0501871]}
