{"max": [0.086909, 0.11, 0.086909], "centroid": [0.04345442176039114, 0.06413292298288502, 0.043362513447432686], "id": "b2507913d631e8b8bcfad79fc308fa6d", "numVertices": 818, "min": [0.0, 0.0, 0.0]}
