{"max": [0.451951, 2.16702, 0.675086], "centroid": [-0.07846217150854558, 1.4675034236588307, 0.00783597269968607], "id": "681e91bbadebeac529471183b63392dc", "numVertices": 11468, "min": [-0.451, 0.0, -0.45]}
