{"max": [-6.3344, 0.254374, 7.7316], "centroid": [-6.402046327642573, 0.16557124624046535, 7.668075917181258], "id": "5ac30e855ea3faad8884a069d9619eaf", "numVertices": 2753, "min": [-6.46927, 0.039069, 7.59674]}
