{"max": [0.0362353, 0.295275, 0.0381], "centroid": [0.006381370599999996, 0.17885093199999996, -1.8388068845354156e-18], "id": "e101cc44ead036294bc79c881a0e818b", "numVertices": 100, "min": [-0.0362353, 0.003175, -0.0381]}
