{"max": [0.014994, 0.092075, 0.022225], "centroid": [-9.054186666666665e-05, 0.07084031466666667, -0.0010165912], "id": "1071fa4cddb2da2fc8724d5673a063a6", "numVertices": 150, "min": [-0.014994, 0.0, -0.022225]}
