{"max": [0.04, 0.16, 0.0], "centroid": [5.796566816911485e-19, 0.06658348303549572, -0.04000000492533653], "id": "940b9e91a4a32a4130612f5c0ef21eb8", "numVertices": 817, "min": [-0.04, 0.0, -0.08]}
