{"max": [0.0, 0.33, 0.0], "centroid": [-0.03799999997916669, 0.24252630000000033, -0.03799999997916669], "id": "1c38ca26c65826804c35e2851444dc2f", "numVertices": 480, "min": [-0.076, 0.0, -0.076]}
