{"max": [5.55009, 27.9178, 5.3692], "centroid": [0.1077859351955309, 11.714378812849143, -0.019095424958100477], "id": "3a6fae97b5fa5cbb3db8babb13da5441", "numVertices": 716, "min": [-5.29569, 0.0, -5.47658]}
