{"max": [0.924226, 1.968, 0.5268], "centroid": [0.00023066184282834334, 1.1592727342004006, 0.0001930023813885323], "id": "368bbfbb2fe08a6b4c5c5c89015f1980", "numVertices": 5459, "min": [-0.3016, 0.0, -0.3016]}
