{"max": [2.61905, 8.35025, 2.61905], "centroid": [-1.3682631416767066e-16, 5.005916666666671, 1.238399814794554e-17], "id": "add17b35bc4665e6f33a685c2506bbe6", "numVertices": 144, "min": [-2.61905, 0.0, -2.61905]}
