{"max": [-0.961833, 0.298471, 0.923037], "centroid": [-0.9991421740191149, 0.171519214393577, 0.8857956820491967], "id": "216adefa94f25d7968a3710932407607", "numVertices": 4919, "min": [-1.03638, 0.000225425, 0.848547]}
