{"max": [0.221691, 0.739222, 0.22451], "centroid": [-0.021442929665551797, 0.38010028651059025, 0.010537675819397992], "id": "9dd18bbd88df283a6b36e3e6a5b248ba", "numVertices": 897, "min": [-0.339824, 0.0, -0.215022]}
