{"max": [0.0, 9.31323e-10, 0.107723], "centroid": [-0.050443194111969174, -0.041859334026128445, 0.03652850847476811], "id": "d655a217ad7d8974ce60bdf271ddc452", "numVertices": 1036, "min": [-0.0992275, -0.275247, 1.62981e-09]}
