{"max": [-3.60625, 7.72795, 5.83135], "centroid": [-4.764043409090912, 6.634595454545456, 4.731065909090913], "id": "2a3e0c1cd0e9076cddf5870150a75bc", "numVertices": 264, "min": [-5.86685, 0.0, 3.57075]}
