{"max": [-0.00635, 0.1778, 0.09525], "centroid": [-0.0508000000213675, 0.14315051282051272, 0.05080000002136745], "id": "d3b53f56b4a7b3b3c9f016d57db96408", "numVertices": 936, "min": [-0.09525, 0.0, 0.00635]}
