{"max": [1.53821, 7.8643, 1.53983], "centroid": [0.0030310039052133314, 6.187716242654025, -0.019304441990521344], "id": "74221bae887b0e801ab89e10ca4a3aec", "numVertices": 1055, "min": [-1.5543, 0.0, -1.55204]}
