{"max": [-1.97729, 0.173, 1.00345], "centroid": [-2.0147869961977167, 0.10386463878326975, 0.9650217984790862], "id": "6e57c665a47d7d7730612f5c0ef21eb8", "numVertices": 263, "min": [-2.05229, 0.0, 0.928445]}
