{"max": [0.650161, 3.63154, 0.691244], "centroid": [-0.0027585950392857, 2.1881976285357063, 0.03832483101800592], "id": "84bc4006535545fad2986c98896facaa", "numVertices": 1344, "min": [-0.655678, 0.000307924, -0.614594]}
