{"max": [4.2536, 30.7086, 4.2536], "centroid": [8.255504542084498e-17, 25.52409230769226, 1.2116376278361082e-16], "id": "46b5318e39afe48a30eaaf40a8a562c1", "numVertices": 312, "min": [-4.2536, 0.0, -4.2536]}
