{"max": [2.13615, 3.11561, 0.531692], "centroid": [1.6044608988764064, 1.8734538539325583, 1.1656835211629595e-08], "id": "8a23e8ae357fa2b71920da6870de352", "numVertices": 2136, "min": [1.07277, 0.264445, -0.531692]}
