{"max": [0.0, 1.49243, 0.627795], "centroid": [-0.32407571337579594, 1.168262907643316, 0.3135755780254775], "id": "fca70766d88fc7b9e5054d95cb6a63e2", "numVertices": 628, "min": [-0.627795, 0.0, 0.0]}
