{"max": [1.49012e-08, 0.303569, 1.49012e-08], "centroid": [-0.03416278449890039, 0.21269044363636397, -0.0354833652803593], "id": "452c562f86da1ca7bdcda0bf7e7b4744", "numVertices": 550, "min": [-0.07, 0.0, -0.07]}
