{"max": [1.59276, 0.911916, -1.67014], "centroid": [1.5029604481132088, 0.6349204150943396, -1.7599396776729528], "id": "5a1e624764af0205bf8b9d530de7a108", "numVertices": 1272, "min": [1.41316, 0.142627, -1.84974]}
