{"max": [0.407493, 0.192486, 0.297322], "centroid": [0.36965387232620417, 0.13276328470588225, 0.25686548328876896], "id": "6ebe74793197919e93f2361527e0abe5", "numVertices": 1496, "min": [0.331778, 0.00622564, 0.221607]}
