{"max": [-33.3509, 168.011, -77.4081], "centroid": [-57.3224418781726, 123.6518485126904, -101.3796251269036], "id": "59d7b4e7bc3c5d9d99fbba385cc0d41d", "numVertices": 394, "min": [-81.294, -0.973667, -125.351]}
