{"max": [3.048, 6.7056, 3.048], "centroid": [0.0001970689655172324, 3.1371007500000103, 0.07911263620689651], "id": "ab5ca2f648a9daa1b5ad628041310f96", "numVertices": 2320, "min": [-3.048, 0.0, -3.048]}
