{"max": [-0.0412769, 0.182931, -0.0186379], "centroid": [-0.08328768287539952, 0.11688322676805202, -0.061063536996805425], "id": "43ad6585f6b9a64675e1008a71b1c5e9", "numVertices": 3130, "min": [-0.126013, 0.0, -0.103374]}
