{"max": [-0.236481, 0.87749, -2.52829], "centroid": [-0.42572588096309527, 0.524574368015847, -2.7175749662466204], "id": "4c95086448461907d2e07f4a91040392", "numVertices": 4444, "min": [-0.614971, -7.11454e-05, -2.90678]}
