{"max": [0.035, 0.135, 0.0], "centroid": [4.607664652630428e-19, 0.0925850969863607, -0.03500000516295754], "id": "b8767b71c2216dcad317c475f024f3b8", "numVertices": 1393, "min": [-0.035, 0.0, -0.07]}
