{"max": [0.0, 0.826421, 0.0], "centroid": [-0.2214847250475816, 0.4487867271323215, -0.2690208970855763], "id": "6ab0ef1973477031ad5067eac75a07f7", "numVertices": 14374, "min": [-0.445677, 0.0, -0.547231]}
