{"max": [2.3501, 5.26719, 3.50941], "centroid": [0.7667877557457776, 3.029670724497768, 2.1259138488888887], "id": "21dbbd17ae4c3fce6a90f735365ac29e", "numVertices": 1125, "min": [-0.693948, 0.0, 0.46536]}
