{"max": [-1.42472e-09, 0.266, 0.0], "centroid": [-0.03343086460189, 0.10078959660599394, -0.033733193605992584], "id": "cb3ff04a607ea9651b22d29e47ec3f2", "numVertices": 3571, "min": [-0.0669268, 0.0, -0.0669217]}
