{"max": [7.45058e-09, 0.311934, 0.104688], "centroid": [-0.052344111176803994, 0.11211455641417906, 0.05234411135079772], "id": "194f4eb1707aaf674c8b72e8da0e65c5", "numVertices": 3824, "min": [-0.104688, -0.00572113, 7.45058e-09]}
