{"max": [4.5676, 21.5265, 4.5676], "centroid": [0.07124825129533678, 2.9047005181347223, -0.07491485507772087], "id": "81b2ce7d719326c8fd54367fe37b16", "numVertices": 386, "min": [-4.5676, -2.0574, -4.5676]}
