{"max": [-0.0275325, 1.43432, 0.436073], "centroid": [-0.07164913383838395, 1.3593421212121186, 0.3919563611111105], "id": "5561fe6ad83a5000fc0eb7bdb358f874", "numVertices": 792, "min": [-0.115766, 1.16847, 0.34784]}
