{"max": [1.12934, 8.72716, 1.12934], "centroid": [-0.0001548509466437181, 3.7218914285713915, 1.9491006628531148e-18], "id": "ffa6c49aa8f7ec19971e7f8dbfabf375", "numVertices": 2905, "min": [-1.12934, -0.009075, -1.12934]}
