{"max": [0.04, 0.126, 0.0], "centroid": [0.01999999524907409, 0.08083157284444505, -0.019999997786111123], "id": "10f709cecfbb8d59c2536abb1e8e5eab", "numVertices": 1080, "min": [0.0, 0.0, -0.04]}
