{"max": [0.18415, 0.490158, -0.00901045], "centroid": [0.08646052995998565, 0.2455627453619474, -0.04152985461986172], "id": "ed8aff7768d2cc3e45bcca2603f7a948", "numVertices": 2749, "min": [0.0, 0.0, -0.21856]}
