{"max": [0.0358132, 0.152664, 0.0292307], "centroid": [0.015574175302521953, 0.11400492035526244, 0.008991752748355224], "id": "e5a5dac174982cea2dcdfc29ed7a2492", "numVertices": 1824, "min": [-0.00466481, -0.00225547, -0.0112472]}
