{"max": [3.47942, 12.1412, 3.47942], "centroid": [0.08550287473870682, 9.42339645704165, -0.20495712899025678], "id": "ee007f1aac12fbe549a44197486ae284", "numVertices": 1129, "min": [-3.47942, 0.0, -3.47942]}
