{"max": [0.0365125, 0.301625, 0.0365125], "centroid": [-1.391392788023064e-18, 0.15580114077272741, -2.004131288533811e-18], "id": "114509277e76e413c8724d5673a063a6", "numVertices": 528, "min": [-0.0365125, 0.0, -0.0365125]}
