{"max": [0.0510656, 0.298471, 0.0337066], "centroid": [0.013850605399917743, 0.1735540919855998, -0.0035313229541246733], "id": "d297d1b0e4f0c244f61150ce90be197a", "numVertices": 4861, "min": [-0.0234243, 0.000225433, -0.0408392]}
