{"max": [0.130765, 0.192372, 0.0539349], "centroid": [0.08771658729268922, 0.08422891340808174, 0.009914382808535944], "id": "8a0320b2be22e234d0d131ea6d955bf0", "numVertices": 4281, "min": [0.0436815, 0.0, -0.0331494]}
