{"max": [0.607474, 2.44888, 0.607474], "centroid": [-0.00955802934027778, 1.7251259309027809, 0.000659588767361114], "id": "b1d75ad18d986ec760005b40a079e2d3", "numVertices": 1152, "min": [-0.607474, 0.0, -0.607474]}
