{"max": [1.30339, 1.34607, 0.32319], "centroid": [1.0353759663366342, 1.1155579524752488, 0.04936592316633666], "id": "5d6001f9e6a15de3e3edb5ba52088f8c", "numVertices": 505, "min": [0.755872, 0.566354, -0.224326]}
