{"max": [1.629, 7.82933, 1.50835], "centroid": [0.035635458544117565, 3.7793073733031717, 0.14590401353506796], "id": "6821f9cc313dfdebe7ef9fff09638f8e", "numVertices": 884, "min": [-1.3877, 0.0, -1.50835]}
