{"max": [0.323964, 1.67797, 0.323964], "centroid": [0.0013556956541840245, 1.5272387993527545, -0.01345349140083219], "id": "4185c4eb651bd7e03c752b66cc923fdb", "numVertices": 2163, "min": [-0.323964, 0.0, -0.323964]}
