{"max": [-0.000454736, 0.315297, 0.0723542], "centroid": [-0.04445753024652783, 0.22028981058333402, 0.028351393565972233], "id": "d8b6c270d29c58c55627157b31e16dc2", "numVertices": 576, "min": [-0.0884603, 0.000397154, -0.0156514]}
