{"max": [0.203, 0.416369, 0.203], "centroid": [0.10107712738348974, 0.24591166439289475, 0.10199389798606716], "id": "640835881dd33a2d30354e87bd14ec69", "numVertices": 2871, "min": [0.0, -0.00759881, 0.0]}
