{"max": [0.0586874, 0.316233, 0.223787], "centroid": [-1.3492293702041833e-19, 0.22912733938888918, 0.16509999652777735], "id": "523cddb320608c09a37f3fc191551700", "numVertices": 1440, "min": [-0.0586874, 0.0024113, 0.106413]}
