{"max": [0.070226, 0.400764, 0.070226], "centroid": [-7.138766924649711e-19, 0.15160407122038802, 1.136349728520342e-19], "id": "b00152d19e8f2b87b2d2b5b947dc0b8d", "numVertices": 2786, "min": [-0.070226, 0.0, -0.070226]}
