{"max": [0.392091, 2.16245, 0.664023], "centroid": [0.056368877887788826, 1.7333488118811988, 0.3283009876237647], "id": "1ae823260851f7d9ea600d1a6d9f6e07", "numVertices": 2424, "min": [-0.279353, 0.0, -0.007421]}
