{"max": [0.034135, 0.25326, 0.034135], "centroid": [8.077135175210623e-19, 0.1654443331230281, -2.6540721951064714e-20], "id": "48202d357e79315e45891653421dc140", "numVertices": 1585, "min": [-0.034135, 0.0, -0.034135]}
