{"max": [-1.7846, -1.37805, 0.0380039], "centroid": [-1.8225999999999964, -1.479014757281553, 3.360169386372292e-10], "id": "2d912be96504cb8cd5473a45f1da0225", "numVertices": 412, "min": [-1.8606, -1.67805, -0.0380039]}
