{"max": [0.00463235, 0.188976, 0.0331376], "centroid": [-0.02994348463320461, 0.118195972972973, -0.014496114054054047], "id": "3bf6160225cd15453a762233fffc49ea", "numVertices": 259, "min": [-0.0645192, 0.0, -0.0518636]}
