{"max": [0.00072423, 0.288925, 0.0809081], "centroid": [-0.03956767966528925, 0.1631835104958674, 0.04061376102479339], "id": "64faa2a6a6f844af851f4ba6aaedaaa8", "numVertices": 242, "min": [-0.0796917, 0.0, 0.000319049]}
