{"max": [-0.28784, 0.208144, -0.38438], "centroid": [-0.31973407161125317, 0.12359735810741668, -0.41611891176470645], "id": "df4ec460683acbb89d789ef7917b7723", "numVertices": 782, "min": [-0.35134, -0.003175, -0.44788]}
