{"max": [0.0408725, 0.202597, 0.0400835], "centroid": [0.0007949575285124008, 0.10353509557851195, -0.011475592894987598], "id": "725c3906071ecad52701ea82a42c662b", "numVertices": 968, "min": [-0.0413462, 0.0, -0.0421352]}
