{"max": [0.14, 0.309669, 0.07], "centroid": [0.06862131194029837, 0.24819412014925366, -0.004442659701492549], "id": "c61edfb672986ee48a9393b5e735dbde", "numVertices": 1340, "min": [0.0, 0.0, -0.07]}
