{"max": [0.185051, 0.931162, 0.185051], "centroid": [-0.00013985852835902773, 0.7093052058094815, -0.0001845528634361303], "id": "ae52386c7a6e25a1a666d1503f8e34ad", "numVertices": 7264, "min": [-0.185051, 0.17848, -0.185051]}
